mean_fit_time,mean_score_time,mean_test_score,mean_train_score,param_KNN__metric,param_KNN__n_neighbors,param_KNN__weights,params,rank_test_score,split0_test_score,split0_train_score,split1_test_score,split1_train_score,split2_test_score,split2_train_score,split3_test_score,split3_train_score,split4_test_score,split4_train_score,std_fit_time,std_score_time,std_test_score,std_train_score
0.8620876789093017,2.9954840183258056,0.812625,1.0,manhattan,1,uniform,"{'KNN__metric': 'manhattan', 'KNN__n_neighbors': 1, 'KNN__weights': 'uniform'}",25,0.8,1.0,0.825625,1.0,0.800625,1.0,0.82375,1.0,0.813125,1.0,0.01564164128996959,0.11190586382498688,0.010921595579401384,0.0
0.8744601726531982,2.8533679008483888,0.812625,1.0,manhattan,1,distance,"{'KNN__metric': 'manhattan', 'KNN__n_neighbors': 1, 'KNN__weights': 'distance'}",25,0.8,1.0,0.825625,1.0,0.800625,1.0,0.82375,1.0,0.813125,1.0,0.019373714799451318,0.0768086611701258,0.010921595579401384,0.0
0.8730638504028321,2.85915150642395,0.8285,0.8833437500000001,manhattan,4,uniform,"{'KNN__metric': 'manhattan', 'KNN__n_neighbors': 4, 'KNN__weights': 'uniform'}",1,0.820625,0.881875,0.8275,0.88171875,0.824375,0.8875,0.834375,0.8825,0.835625,0.883125,0.019324439839369198,0.10915445742352461,0.005749999999999974,0.002136915124659836
0.8906173706054688,2.881491708755493,0.82625,1.0,manhattan,4,distance,"{'KNN__metric': 'manhattan', 'KNN__n_neighbors': 4, 'KNN__weights': 'distance'}",3,0.815625,1.0,0.825625,1.0,0.823125,1.0,0.838125,1.0,0.82875,1.0,0.010344828347132998,0.045666537303350796,0.00735272058492636,0.0
0.8798463821411133,2.8800951480865478,0.824125,0.86165625,manhattan,7,uniform,"{'KNN__metric': 'manhattan', 'KNN__n_neighbors': 7, 'KNN__weights': 'uniform'}",6,0.8125,0.86109375,0.831875,0.86015625,0.83,0.8646875,0.8175,0.86046875,0.82875,0.861875,0.0020340033831200074,0.07923505941397181,0.007681145747868606,0.0016256008504550207
0.8778508186340332,2.885481357574463,0.82575,1.0,manhattan,7,distance,"{'KNN__metric': 'manhattan', 'KNN__n_neighbors': 7, 'KNN__weights': 'distance'}",4,0.81375,1.0,0.833125,1.0,0.828125,1.0,0.823125,1.0,0.830625,1.0,0.011041071307367105,0.0621986560915093,0.006851094803022363,0.0
0.8794469833374023,2.9050288677215574,0.82475,0.85175,manhattan,10,uniform,"{'KNN__metric': 'manhattan', 'KNN__n_neighbors': 10, 'KNN__weights': 'uniform'}",5,0.813125,0.8503125,0.824375,0.85203125,0.82875,0.85390625,0.820625,0.8525,0.836875,0.85,0.00820983549669503,0.03698744856284937,0.007941190087134304,0.001443601182806385
0.871867561340332,2.906424713134766,0.826875,1.0,manhattan,10,distance,"{'KNN__metric': 'manhattan', 'KNN__n_neighbors': 10, 'KNN__weights': 'distance'}",2,0.815,1.0,0.829375,1.0,0.829375,1.0,0.825,1.0,0.835625,1.0,0.010040333771378997,0.03667398413449674,0.006835111557246163,0.0
0.8856308460235596,2.879696416854858,0.823125,0.8429062500000001,manhattan,13,uniform,"{'KNN__metric': 'manhattan', 'KNN__n_neighbors': 13, 'KNN__weights': 'uniform'}",8,0.81,0.84390625,0.83125,0.84234375,0.82,0.841875,0.823125,0.84359375,0.83125,0.8428125,0.011917781218748875,0.08220735507968396,0.007925433742073683,0.0007564824023068831
0.8842339515686035,2.8962525367736816,0.823625,1.0,manhattan,13,distance,"{'KNN__metric': 'manhattan', 'KNN__n_neighbors': 13, 'KNN__weights': 'distance'}",7,0.8125,1.0,0.829375,1.0,0.8175,1.0,0.8275,1.0,0.83125,1.0,0.020542686158296637,0.07128291642983439,0.007314369419163903,0.0
0.8890216827392579,2.898246717453003,0.820875,0.8379375,manhattan,16,uniform,"{'KNN__metric': 'manhattan', 'KNN__n_neighbors': 16, 'KNN__weights': 'uniform'}",10,0.815625,0.8375,0.825625,0.83875,0.815,0.8396875,0.81875,0.83859375,0.829375,0.83515625,0.021208738326218536,0.06854545489034809,0.005681659088681761,0.0015543537644307276
0.8760558605194092,2.915600633621216,0.82125,1.0,manhattan,16,distance,"{'KNN__metric': 'manhattan', 'KNN__n_neighbors': 16, 'KNN__weights': 'distance'}",9,0.813125,1.0,0.825625,1.0,0.81375,1.0,0.82125,1.0,0.8325,1.0,0.007662619990401263,0.05591000183288361,0.007320775232173182,0.0
0.8838356971740723,2.8906668186187745,0.817875,0.83209375,manhattan,19,uniform,"{'KNN__metric': 'manhattan', 'KNN__n_neighbors': 19, 'KNN__weights': 'uniform'}",16,0.81375,0.83328125,0.8225,0.8296875,0.81,0.83453125,0.819375,0.83453125,0.82375,0.8284375,0.007119254533105243,0.07760481759999709,0.005238081709939225,0.002547593840273561
0.8778517246246338,2.914602756500244,0.819875,1.0,manhattan,19,distance,"{'KNN__metric': 'manhattan', 'KNN__n_neighbors': 19, 'KNN__weights': 'distance'}",11,0.815,1.0,0.82625,1.0,0.811875,1.0,0.820625,1.0,0.825625,1.0,0.010878246970490514,0.06427145900745501,0.005692648768367877,0.0
0.8796465873718262,2.890866422653198,0.8175,0.8283125,manhattan,22,uniform,"{'KNN__metric': 'manhattan', 'KNN__n_neighbors': 22, 'KNN__weights': 'uniform'}",17,0.811875,0.8296875,0.821875,0.8265625,0.80875,0.83265625,0.820625,0.828125,0.824375,0.82453125,0.009629053373539639,0.051653032770149925,0.006072478900745568,0.0027624010163261833
0.8818408489227295,2.9365446090698244,0.81925,1.0,manhattan,22,distance,"{'KNN__metric': 'manhattan', 'KNN__n_neighbors': 22, 'KNN__weights': 'distance'}",12,0.815,1.0,0.821875,1.0,0.810625,1.0,0.820625,1.0,0.828125,1.0,0.016620993540992165,0.05885315796366589,0.006,0.0
0.8936092853546143,2.883885145187378,0.813625,0.8239062500000001,manhattan,25,uniform,"{'KNN__metric': 'manhattan', 'KNN__n_neighbors': 25, 'KNN__weights': 'uniform'}",23,0.806875,0.82578125,0.821875,0.8240625,0.805,0.8253125,0.815,0.8234375,0.819375,0.8209375,0.011834384000812624,0.06168557908888554,0.006677855194596523,0.0017059180079945309
0.8936087608337402,2.8910664081573487,0.815125,1.0,manhattan,25,distance,"{'KNN__metric': 'manhattan', 'KNN__n_neighbors': 25, 'KNN__weights': 'distance'}",21,0.80875,1.0,0.818125,1.0,0.808125,1.0,0.815625,1.0,0.825,1.0,0.0147118772701554,0.02901785092441853,0.006267475568360833,0.0
0.8778507709503174,2.8533676147460936,0.812375,0.82175,manhattan,28,uniform,"{'KNN__metric': 'manhattan', 'KNN__n_neighbors': 28, 'KNN__weights': 'uniform'}",27,0.805625,0.824375,0.82,0.8203125,0.804375,0.8225,0.8125,0.8221875,0.819375,0.819375,0.011517514129871334,0.062069782220752504,0.0065835970411318315,0.0017522307211095224
0.8856359481811523,2.8675235748291015,0.8145,1.0,manhattan,28,distance,"{'KNN__metric': 'manhattan', 'KNN__n_neighbors': 28, 'KNN__weights': 'distance'}",22,0.80625,1.0,0.823125,1.0,0.804375,1.0,0.814375,1.0,0.824375,1.0,0.009351773609607485,0.06712431727929394,0.008276472678623425,0.0
0.8816414833068847,2.8318246841430663,0.810375,0.8193750000000002,manhattan,31,uniform,"{'KNN__metric': 'manhattan', 'KNN__n_neighbors': 31, 'KNN__weights': 'uniform'}",31,0.803125,0.82203125,0.81875,0.81796875,0.80125,0.81953125,0.81125,0.8203125,0.8175,0.81703125,0.013140156834740742,0.06624494205835252,0.007176350047203658,0.0017566836653193977
0.8930105686187744,2.8830875873565676,0.81325,1.0,manhattan,31,distance,"{'KNN__metric': 'manhattan', 'KNN__n_neighbors': 31, 'KNN__weights': 'distance'}",24,0.805625,1.0,0.82,1.0,0.80625,1.0,0.8125,1.0,0.821875,1.0,0.009088371763802323,0.1043550517205507,0.006747684788132873,0.0
0.8834365844726563,2.892861557006836,0.807875,0.8158749999999999,manhattan,34,uniform,"{'KNN__metric': 'manhattan', 'KNN__n_neighbors': 34, 'KNN__weights': 'uniform'}",33,0.79625,0.816875,0.814375,0.81453125,0.796875,0.81703125,0.8125,0.81765625,0.819375,0.81328125,0.008495449923451956,0.09820487221301297,0.00950822012786829,0.0016758859597239921
0.914753007888794,2.8842838764190675,0.811875,1.0,manhattan,34,distance,"{'KNN__metric': 'manhattan', 'KNN__n_neighbors': 34, 'KNN__weights': 'distance'}",28,0.800625,1.0,0.82125,1.0,0.803125,1.0,0.814375,1.0,0.82,1.0,0.051194993306775106,0.04107742565658499,0.008523863560616152,0.0
0.8818410396575928,2.866731548309326,0.804,0.81275,manhattan,37,uniform,"{'KNN__metric': 'manhattan', 'KNN__n_neighbors': 37, 'KNN__weights': 'uniform'}",41,0.79625,0.81484375,0.81125,0.81359375,0.795,0.81140625,0.80375,0.81515625,0.81375,0.80875,0.007786769526156,0.09808145517843905,0.007599342076785318,0.0023954709870921127
0.8828381061553955,2.884484052658081,0.8075,1.0,manhattan,37,distance,"{'KNN__metric': 'manhattan', 'KNN__n_neighbors': 37, 'KNN__weights': 'distance'}",36,0.799375,1.0,0.813125,1.0,0.7975,1.0,0.8075,1.0,0.82,1.0,0.007760880925901584,0.06729022985807445,0.008413159335231917,0.0
0.882439374923706,2.8810927867889404,0.80325,0.8114374999999999,manhattan,40,uniform,"{'KNN__metric': 'manhattan', 'KNN__n_neighbors': 40, 'KNN__weights': 'uniform'}",43,0.79375,0.81484375,0.813125,0.81109375,0.793125,0.81265625,0.805,0.81109375,0.81125,0.8075,0.013925568179183102,0.08019273086008641,0.008453919209455481,0.0024011715890373134
0.8993930816650391,2.9004419326782225,0.80775,1.0,manhattan,40,distance,"{'KNN__metric': 'manhattan', 'KNN__n_neighbors': 40, 'KNN__weights': 'distance'}",34,0.79875,1.0,0.81625,1.0,0.7975,1.0,0.806875,1.0,0.819375,1.0,0.022517175711984073,0.06415686914796329,0.008879400317589027,0.0
0.8788483142852783,2.8779019355773925,0.799875,0.80815625,manhattan,43,uniform,"{'KNN__metric': 'manhattan', 'KNN__n_neighbors': 43, 'KNN__weights': 'uniform'}",51,0.79125,0.81046875,0.81125,0.8065625,0.789375,0.8084375,0.79875,0.81015625,0.80875,0.80515625,0.0071749771537307815,0.07774255827377075,0.008877640452282341,0.0020477693656757315
0.8900239944458008,2.8768986225128175,0.803875,1.0,manhattan,43,distance,"{'KNN__metric': 'manhattan', 'KNN__n_neighbors': 43, 'KNN__weights': 'distance'}",42,0.7925,1.0,0.814375,1.0,0.795,1.0,0.803125,1.0,0.814375,1.0,0.006780159362575033,0.05163146598893796,0.009265190230103191,0.0
0.8856307029724121,2.854364776611328,0.798,0.80625,manhattan,46,uniform,"{'KNN__metric': 'manhattan', 'KNN__n_neighbors': 46, 'KNN__weights': 'uniform'}",54,0.79,0.8090625,0.810625,0.80515625,0.786875,0.80640625,0.79625,0.80828125,0.80625,0.80234375,0.012279992625720819,0.06566357521334658,0.00914637906496337,0.002388121646817837
0.8886223316192627,2.8769046783447267,0.802125,1.0,manhattan,46,distance,"{'KNN__metric': 'manhattan', 'KNN__n_neighbors': 46, 'KNN__weights': 'distance'}",45,0.791875,1.0,0.81375,1.0,0.790625,1.0,0.801875,1.0,0.8125,1.0,0.026753871572812133,0.039258033563038516,0.009799553561259809,0.0
0.8946067333221436,2.9046297550201414,0.795,0.80375,manhattan,49,uniform,"{'KNN__metric': 'manhattan', 'KNN__n_neighbors': 49, 'KNN__weights': 'uniform'}",57,0.785,0.80609375,0.81,0.80296875,0.78375,0.803125,0.79125,0.80578125,0.805,0.80078125,0.01115971263658645,0.09138208770748422,0.010636023693091353,0.0019714762869484526
0.8842337131500244,2.8966519355773928,0.80025,1.0,manhattan,49,distance,"{'KNN__metric': 'manhattan', 'KNN__n_neighbors': 49, 'KNN__weights': 'distance'}",49,0.789375,1.0,0.81625,1.0,0.78875,1.0,0.795625,1.0,0.81125,1.0,0.008955666563846516,0.06271193675539827,0.011392157390064458,0.0
0.8740612983703613,3.1539639949798586,0.804125,1.0,euclidean,1,uniform,"{'KNN__metric': 'euclidean', 'KNN__n_neighbors': 1, 'KNN__weights': 'uniform'}",39,0.7975,1.0,0.816875,1.0,0.798125,1.0,0.803125,1.0,0.805,1.0,0.017234835772948227,0.04066682534516094,0.006988830374247197,0.0
0.8493281841278076,3.186880874633789,0.804125,1.0,euclidean,1,distance,"{'KNN__metric': 'euclidean', 'KNN__n_neighbors': 1, 'KNN__weights': 'distance'}",39,0.7975,1.0,0.816875,1.0,0.798125,1.0,0.803125,1.0,0.805,1.0,0.00816627414754854,0.040668630162348986,0.006988830374247197,0.0
0.8828376770019531,3.1344158172607424,0.818,0.8785000000000001,euclidean,4,uniform,"{'KNN__metric': 'euclidean', 'KNN__n_neighbors': 4, 'KNN__weights': 'uniform'}",14,0.811875,0.876875,0.819375,0.8759375,0.814375,0.8840625,0.820625,0.8753125,0.82375,0.8803125,0.022517721432064375,0.07672415898762878,0.004301162633521315,0.0032739502134271846
0.8830376625061035,3.1824866771697997,0.819,1.0,euclidean,4,distance,"{'KNN__metric': 'euclidean', 'KNN__n_neighbors': 4, 'KNN__weights': 'distance'}",13,0.809375,1.0,0.825625,1.0,0.810625,1.0,0.8275,1.0,0.821875,1.0,0.007637271977110917,0.056445937871990925,0.007578753195612076,0.0
0.8792476654052734,3.1378063201904296,0.81675,0.85390625,euclidean,7,uniform,"{'KNN__metric': 'euclidean', 'KNN__n_neighbors': 7, 'KNN__weights': 'uniform'}",19,0.809375,0.8509375,0.81625,0.85421875,0.816875,0.8575,0.81875,0.8515625,0.8225,0.8553125,0.015814633578809117,0.04021821226229648,0.004282960424752969,0.0024206145913796486
0.8808432579040527,3.2054254055023192,0.818,1.0,euclidean,7,distance,"{'KNN__metric': 'euclidean', 'KNN__n_neighbors': 7, 'KNN__weights': 'distance'}",14,0.81,1.0,0.82125,1.0,0.815,1.0,0.820625,1.0,0.823125,1.0,0.014594968770496285,0.08333533743785662,0.00483153702252192,0.0
0.883037519454956,3.191662311553955,0.816875,0.8422812499999999,euclidean,10,uniform,"{'KNN__metric': 'euclidean', 'KNN__n_neighbors': 10, 'KNN__weights': 'uniform'}",18,0.80875,0.84265625,0.818125,0.8425,0.81625,0.84453125,0.82,0.8403125,0.82125,0.84140625,0.004487164561963155,0.07151738491627631,0.004401704215414763,0.001406597179365841
0.8870272159576416,3.182287263870239,0.81675,1.0,euclidean,10,distance,"{'KNN__metric': 'euclidean', 'KNN__n_neighbors': 10, 'KNN__weights': 'distance'}",19,0.806875,1.0,0.81875,1.0,0.815625,1.0,0.818125,1.0,0.824375,1.0,0.006262942269984045,0.09244888846427698,0.005706356105256649,0.0
0.9083703994750977,3.1386037349700926,0.8115,0.8339062500000001,euclidean,13,uniform,"{'KNN__metric': 'euclidean', 'KNN__n_neighbors': 13, 'KNN__weights': 'uniform'}",29,0.805,0.83546875,0.813125,0.83203125,0.806875,0.83765625,0.811875,0.83078125,0.820625,0.83359375,0.038230401373842135,0.07959966437552848,0.005471517157059825,0.002444700901950981
0.8884233951568603,3.2066221714019774,0.8115,1.0,euclidean,13,distance,"{'KNN__metric': 'euclidean', 'KNN__n_neighbors': 13, 'KNN__weights': 'distance'}",29,0.804375,1.0,0.814375,1.0,0.808125,1.0,0.8125,1.0,0.818125,1.0,0.014971884124648204,0.03886927850038572,0.004802343178074647,0.0
0.8977980613708496,3.1715160369873048,0.807625,0.8281562499999999,euclidean,16,uniform,"{'KNN__metric': 'euclidean', 'KNN__n_neighbors': 16, 'KNN__weights': 'uniform'}",35,0.7975,0.83140625,0.808125,0.8253125,0.8075,0.829375,0.808125,0.82796875,0.816875,0.82671875,0.007964394916519815,0.0664354139909037,0.006141559248269132,0.00210885410235038
0.8858299732208252,3.1956517696380615,0.808,1.0,euclidean,16,distance,"{'KNN__metric': 'euclidean', 'KNN__n_neighbors': 16, 'KNN__weights': 'distance'}",32,0.7975,1.0,0.811875,1.0,0.804375,1.0,0.80875,1.0,0.8175,1.0,0.011637907657382433,0.03564524975142688,0.0067708012819754325,0.0
0.9337028980255127,3.276634693145752,0.80575,0.8234375,euclidean,19,uniform,"{'KNN__metric': 'euclidean', 'KNN__n_neighbors': 19, 'KNN__weights': 'uniform'}",38,0.799375,0.825625,0.808125,0.82078125,0.79875,0.82671875,0.811875,0.82140625,0.810625,0.82265625,0.023554195544671173,0.13397606301380283,0.005595757321399878,0.002338535866733705
0.9488622188568115,3.534744071960449,0.807,1.0,euclidean,19,distance,"{'KNN__metric': 'euclidean', 'KNN__n_neighbors': 19, 'KNN__weights': 'distance'}",37,0.79875,1.0,0.80875,1.0,0.801875,1.0,0.8125,1.0,0.813125,1.0,0.07589355913642955,0.4038290964591182,0.005747281966286331,0.0
0.9215344905853271,3.357817602157593,0.80025,0.818,euclidean,22,uniform,"{'KNN__metric': 'euclidean', 'KNN__n_neighbors': 22, 'KNN__weights': 'uniform'}",49,0.793125,0.81984375,0.801875,0.81546875,0.789375,0.820625,0.80625,0.81484375,0.810625,0.81921875,0.05702798306285791,0.12871079454489087,0.0079411900871343,0.0023725316120128096
0.8776518821716308,3.2818209171295165,0.802125,1.0,euclidean,22,distance,"{'KNN__metric': 'euclidean', 'KNN__n_neighbors': 22, 'KNN__weights': 'distance'}",45,0.79375,1.0,0.805625,1.0,0.7925,1.0,0.806875,1.0,0.811875,1.0,0.010611111941381297,0.21964348947462733,0.007650571874049699,0.0
0.9207365989685059,3.412870693206787,0.8015,0.81375,euclidean,25,uniform,"{'KNN__metric': 'euclidean', 'KNN__n_neighbors': 25, 'KNN__weights': 'uniform'}",48,0.796875,0.81390625,0.804375,0.8103125,0.79125,0.81640625,0.805625,0.81375,0.809375,0.814375,0.035454793331059706,0.058888784937597936,0.006538348415310998,0.001964032045308835
0.8832372665405274,3.2225793838500976,0.802625,1.0,euclidean,25,distance,"{'KNN__metric': 'euclidean', 'KNN__n_neighbors': 25, 'KNN__weights': 'distance'}",44,0.79625,1.0,0.8075,1.0,0.793125,1.0,0.80625,1.0,0.81,1.0,0.019406879811570212,0.11658162709524722,0.006666145812986712,0.0
0.9690073013305665,3.4022990226745606,0.798875,0.8116875,euclidean,28,uniform,"{'KNN__metric': 'euclidean', 'KNN__n_neighbors': 28, 'KNN__weights': 'uniform'}",52,0.794375,0.813125,0.8025,0.8078125,0.790625,0.8146875,0.80125,0.80953125,0.805625,0.81328125,0.1437857042403836,0.3132769444297529,0.00552550902632508,0.0025795923854360935
0.9333033084869384,3.5437203884124755,0.80175,1.0,euclidean,28,distance,"{'KNN__metric': 'euclidean', 'KNN__n_neighbors': 28, 'KNN__weights': 'distance'}",47,0.795625,1.0,0.80625,1.0,0.791875,1.0,0.80625,1.0,0.80875,1.0,0.06807776357376837,0.0827252545078193,0.006701212576840101,0.0
0.8788491249084472,3.240531301498413,0.797125,0.80809375,euclidean,31,uniform,"{'KNN__metric': 'euclidean', 'KNN__n_neighbors': 31, 'KNN__weights': 'uniform'}",56,0.789375,0.81203125,0.79875,0.80609375,0.788125,0.80859375,0.803125,0.8040625,0.80625,0.8096875,0.014039268036205787,0.1538950843802352,0.007252154852180143,0.002776505785155131
0.903782320022583,3.373974561691284,0.798125,1.0,euclidean,31,distance,"{'KNN__metric': 'euclidean', 'KNN__n_neighbors': 31, 'KNN__weights': 'distance'}",53,0.78875,1.0,0.801875,1.0,0.79125,1.0,0.801875,1.0,0.806875,1.0,0.01629519342369765,0.2543469301421427,0.006925947588597549,0.0
0.9039817810058594,3.174108791351318,0.794875,0.8059062499999999,euclidean,34,uniform,"{'KNN__metric': 'euclidean', 'KNN__n_neighbors': 34, 'KNN__weights': 'uniform'}",58,0.79125,0.81046875,0.8025,0.805,0.7825,0.8053125,0.800625,0.80328125,0.7975,0.80546875,0.013224551859858052,0.0387015428994638,0.007271519786124504,0.0024113177154825483
0.9612281799316407,3.331687498092651,0.797625,1.0,euclidean,34,distance,"{'KNN__metric': 'euclidean', 'KNN__n_neighbors': 34, 'KNN__weights': 'distance'}",55,0.791875,1.0,0.804375,1.0,0.788125,1.0,0.8025,1.0,0.80125,1.0,0.10849727076549462,0.08884101363526441,0.006415313710178172,0.0
0.9209357738494873,3.2439221382141112,0.793625,0.8030625,euclidean,37,uniform,"{'KNN__metric': 'euclidean', 'KNN__n_neighbors': 37, 'KNN__weights': 'uniform'}",60,0.786875,0.80703125,0.800625,0.7996875,0.784375,0.8034375,0.79875,0.80328125,0.7975,0.801875,0.027700324470820797,0.09400907347866454,0.00665441582710307,0.0023975084723520724
0.9480639934539795,3.349639415740967,0.7945,1.0,euclidean,37,distance,"{'KNN__metric': 'euclidean', 'KNN__n_neighbors': 37, 'KNN__weights': 'distance'}",59,0.788125,1.0,0.8,1.0,0.786875,1.0,0.79875,1.0,0.79875,1.0,0.02706136481514791,0.12795515926137188,0.005747281966286331,0.0
0.9384891033172608,3.4982418060302733,0.790875,0.8010625000000001,euclidean,40,uniform,"{'KNN__metric': 'euclidean', 'KNN__n_neighbors': 40, 'KNN__weights': 'uniform'}",62,0.7875,0.80390625,0.8,0.8,0.779375,0.8009375,0.793125,0.80109375,0.794375,0.799375,0.09412397133915183,0.34803599247225026,0.006988830374247186,0.0015543537644307583
1.1642853260040282,4.087067794799805,0.793625,1.0,euclidean,40,distance,"{'KNN__metric': 'euclidean', 'KNN__n_neighbors': 40, 'KNN__weights': 'distance'}",60,0.788125,1.0,0.80375,1.0,0.7825,1.0,0.795625,1.0,0.798125,1.0,0.18803166788015677,0.4374747428757546,0.007493747393660933,0.0
1.0560347080230712,3.8032866954803466,0.78925,0.7985,euclidean,43,uniform,"{'KNN__metric': 'euclidean', 'KNN__n_neighbors': 43, 'KNN__weights': 'uniform'}",64,0.7875,0.80046875,0.79625,0.7959375,0.775,0.7996875,0.793125,0.79828125,0.794375,0.798125,0.07094437965582484,0.12379945137477077,0.007699431797217246,0.0015518386272418904
0.9703890323638916,3.511217975616455,0.790875,1.0,euclidean,43,distance,"{'KNN__metric': 'euclidean', 'KNN__n_neighbors': 43, 'KNN__weights': 'distance'}",62,0.78625,1.0,0.8,1.0,0.7775,1.0,0.793125,1.0,0.7975,1.0,0.05523890760069009,0.304870942923653,0.008154753215150062,0.0
0.9097666263580322,3.235544538497925,0.7875,0.796,euclidean,46,uniform,"{'KNN__metric': 'euclidean', 'KNN__n_neighbors': 46, 'KNN__weights': 'uniform'}",66,0.785,0.8009375,0.794375,0.79421875,0.7725,0.7953125,0.793125,0.79625,0.7925,0.79328125,0.009193023735655349,0.10875504562332136,0.008187261446906421,0.002663776102640744
0.9159502029418946,3.1657310962677,0.789,1.0,euclidean,46,distance,"{'KNN__metric': 'euclidean', 'KNN__n_neighbors': 46, 'KNN__weights': 'distance'}",65,0.784375,1.0,0.8,1.0,0.77625,1.0,0.791875,1.0,0.7925,1.0,0.009044476778336287,0.030377825408793312,0.00806806978155247,0.0
0.9697303295135498,3.628782796859741,0.785625,0.79421875,euclidean,49,uniform,"{'KNN__metric': 'euclidean', 'KNN__n_neighbors': 49, 'KNN__weights': 'uniform'}",68,0.7825,0.79796875,0.79125,0.7915625,0.77125,0.795,0.789375,0.79328125,0.79375,0.79328125,0.0451595019663427,0.32180663432405515,0.008100925873009828,0.002167317610549972
0.9723594188690186,3.9523613929748533,0.7875,1.0,euclidean,49,distance,"{'KNN__metric': 'euclidean', 'KNN__n_neighbors': 49, 'KNN__weights': 'distance'}",66,0.78375,1.0,0.79625,1.0,0.774375,1.0,0.788125,1.0,0.795,1.0,0.06259652010398871,0.2658562610488494,0.007994138477659745,0.0
0.9617896556854248,2.003763294219971,0.633,1.0,chebyshev,1,uniform,"{'KNN__metric': 'chebyshev', 'KNN__n_neighbors': 1, 'KNN__weights': 'uniform'}",78,0.64,1.0,0.630625,1.0,0.625,1.0,0.64125,1.0,0.628125,1.0,0.07403961645688885,0.38584274893557746,0.006487969636180484,0.0
0.9175453186035156,1.9523774147033692,0.633,1.0,chebyshev,1,distance,"{'KNN__metric': 'chebyshev', 'KNN__n_neighbors': 1, 'KNN__weights': 'distance'}",78,0.64,1.0,0.630625,1.0,0.625,1.0,0.64125,1.0,0.628125,1.0,0.0761975812111259,0.2106926822358478,0.006487969636180484,0.0
0.9949384689331054,2.147056007385254,0.64075,0.7585,chebyshev,4,uniform,"{'KNN__metric': 'chebyshev', 'KNN__n_neighbors': 4, 'KNN__weights': 'uniform'}",73,0.645625,0.77546875,0.656875,0.75890625,0.615625,0.75375,0.639375,0.75734375,0.64625,0.74703125,0.0931457710980785,0.17784467605787205,0.013763629608500808,0.00941844102014766
0.9995262622833252,2.3457244873046874,0.646125,1.0,chebyshev,4,distance,"{'KNN__metric': 'chebyshev', 'KNN__n_neighbors': 4, 'KNN__weights': 'distance'}",70,0.65125,1.0,0.659375,1.0,0.63625,1.0,0.6425,1.0,0.64125,1.0,0.05441219478928939,0.16599320397414505,0.008200609733428385,0.0
0.9739943981170655,2.3227866172790526,0.640125,0.7155,chebyshev,7,uniform,"{'KNN__metric': 'chebyshev', 'KNN__n_neighbors': 7, 'KNN__weights': 'uniform'}",74,0.63125,0.72609375,0.65625,0.71921875,0.6325,0.7103125,0.630625,0.71234375,0.65,0.70953125,0.038707209343759826,0.32634860375965585,0.010813764376941102,0.006301661487258737
1.0372258186340333,2.2410041809082033,0.649,1.0,chebyshev,7,distance,"{'KNN__metric': 'chebyshev', 'KNN__n_neighbors': 7, 'KNN__weights': 'distance'}",69,0.645,1.0,0.66125,1.0,0.645,1.0,0.6375,1.0,0.65625,1.0,0.08693647566500178,0.2633726185462408,0.008565920849505916,0.0
1.0678053379058838,2.586443328857422,0.638,0.6931875,chebyshev,10,uniform,"{'KNN__metric': 'chebyshev', 'KNN__n_neighbors': 10, 'KNN__weights': 'uniform'}",75,0.636875,0.705,0.66,0.69796875,0.626875,0.6934375,0.626875,0.6846875,0.639375,0.68484375,0.06574870209905294,0.1626271632388446,0.012121777922400686,0.00780161742044558
1.041089916229248,2.5377451896667482,0.645125,1.0,chebyshev,10,distance,"{'KNN__metric': 'chebyshev', 'KNN__n_neighbors': 10, 'KNN__weights': 'distance'}",71,0.644375,1.0,0.663125,1.0,0.6375,1.0,0.63125,1.0,0.649375,1.0,0.037067876184091526,0.15082360450402071,0.010892944964517173,0.0
1.157964277267456,2.695259952545166,0.63375,0.6803125,chebyshev,13,uniform,"{'KNN__metric': 'chebyshev', 'KNN__n_neighbors': 13, 'KNN__weights': 'uniform'}",77,0.633125,0.69140625,0.653125,0.68640625,0.63125,0.68,0.616875,0.67453125,0.634375,0.66921875,0.13944702917609564,0.23954305358411915,0.011551515052147921,0.007959860237466488
1.0741207599639893,2.320935916900635,0.642375,1.0,chebyshev,13,distance,"{'KNN__metric': 'chebyshev', 'KNN__n_neighbors': 13, 'KNN__weights': 'distance'}",72,0.645625,1.0,0.665,1.0,0.6375,1.0,0.625,1.0,0.63875,1.0,0.14420556600768022,0.21237996864136752,0.0131244047484067,0.0
0.9682871341705322,2.3900290966033935,0.632375,0.666375,chebyshev,16,uniform,"{'KNN__metric': 'chebyshev', 'KNN__n_neighbors': 16, 'KNN__weights': 'uniform'}",80,0.634375,0.67875,0.650625,0.6671875,0.629375,0.66609375,0.6175,0.66109375,0.63,0.65875,0.049460999728035256,0.22924661251381648,0.01070484703300331,0.0069269345222111
1.1012959480285645,2.664400339126587,0.636125,1.0,chebyshev,16,distance,"{'KNN__metric': 'chebyshev', 'KNN__n_neighbors': 16, 'KNN__weights': 'distance'}",76,0.639375,1.0,0.6525,1.0,0.631875,1.0,0.6225,1.0,0.634375,1.0,0.14081501668877616,0.2127858999420436,0.00985361608750816,0.0
1.0003397941589356,2.4354124069213867,0.62725,0.65815625,chebyshev,19,uniform,"{'KNN__metric': 'chebyshev', 'KNN__n_neighbors': 19, 'KNN__weights': 'uniform'}",84,0.6375,0.6696875,0.646875,0.66,0.621875,0.6565625,0.6125,0.65453125,0.6175,0.65,0.07027441819646055,0.1903650943659398,0.01289743191492009,0.0066117201808606405
1.043351936340332,2.5058993339538573,0.63225,1.0,chebyshev,19,distance,"{'KNN__metric': 'chebyshev', 'KNN__n_neighbors': 19, 'KNN__weights': 'distance'}",81,0.641875,1.0,0.65125,1.0,0.629375,1.0,0.615625,1.0,0.623125,1.0,0.09595990181441948,0.3099662381282834,0.012818443743294262,0.0
0.9911832332611084,2.35856146812439,0.626125,0.65303125,chebyshev,22,uniform,"{'KNN__metric': 'chebyshev', 'KNN__n_neighbors': 22, 'KNN__weights': 'uniform'}",85,0.63625,0.66203125,0.645625,0.655625,0.61875,0.65421875,0.608125,0.64984375,0.621875,0.6434375,0.021474253877938228,0.08732034422982889,0.013260608960375831,0.006186079382371341
1.023891544342041,2.401112937927246,0.631,1.0,chebyshev,22,distance,"{'KNN__metric': 'chebyshev', 'KNN__n_neighbors': 22, 'KNN__weights': 'distance'}",82,0.641875,1.0,0.643125,1.0,0.62625,1.0,0.614375,1.0,0.629375,1.0,0.07919869028643867,0.2664121708101766,0.01064776971952341,0.0
1.084498977661133,2.3846208572387697,0.62225,0.6483749999999999,chebyshev,25,uniform,"{'KNN__metric': 'chebyshev', 'KNN__n_neighbors': 25, 'KNN__weights': 'uniform'}",87,0.631875,0.65859375,0.641875,0.65234375,0.618125,0.65,0.60375,0.64171875,0.615625,0.63921875,0.18139175631279097,0.30600112890836695,0.013273563952458269,0.007084589349425985
0.9821732044219971,2.366868495941162,0.628125,1.0,chebyshev,25,distance,"{'KNN__metric': 'chebyshev', 'KNN__n_neighbors': 25, 'KNN__weights': 'distance'}",83,0.639375,1.0,0.641875,1.0,0.62375,1.0,0.6125,1.0,0.623125,1.0,0.05114085160275576,0.10398627374632158,0.010990052320166614,0.0
1.0151506900787353,2.4571994304656983,0.617125,0.64284375,chebyshev,28,uniform,"{'KNN__metric': 'chebyshev', 'KNN__n_neighbors': 28, 'KNN__weights': 'uniform'}",89,0.623125,0.6521875,0.63625,0.6478125,0.61125,0.64390625,0.60625,0.635625,0.60875,0.6346875,0.025190955252287428,0.06552684025721181,0.011177544453054088,0.006808198183073132
0.949306583404541,2.230317163467407,0.622625,1.0,chebyshev,28,distance,"{'KNN__metric': 'chebyshev', 'KNN__n_neighbors': 28, 'KNN__weights': 'distance'}",86,0.62625,1.0,0.64,1.0,0.61875,1.0,0.613125,1.0,0.615,1.0,0.037153580734037364,0.2348486022698837,0.00978199877325692,0.0
1.0053277015686035,2.406886434555054,0.615375,0.63896875,chebyshev,31,uniform,"{'KNN__metric': 'chebyshev', 'KNN__n_neighbors': 31, 'KNN__weights': 'uniform'}",91,0.61875,0.6471875,0.635625,0.6434375,0.605625,0.64421875,0.6075,0.63359375,0.609375,0.62640625,0.07722879335321951,0.1375382862919211,0.01108630912432086,0.00776900391781339
1.0045912265777588,2.5647229671478273,0.621,1.0,chebyshev,31,distance,"{'KNN__metric': 'chebyshev', 'KNN__n_neighbors': 31, 'KNN__weights': 'distance'}",88,0.625,1.0,0.6375,1.0,0.61375,1.0,0.61125,1.0,0.6175,1.0,0.010786350833948416,0.1866027164545695,0.009467048114380731,0.0
1.0060857772827148,2.498788356781006,0.611875,0.6336875,chebyshev,34,uniform,"{'KNN__metric': 'chebyshev', 'KNN__n_neighbors': 34, 'KNN__weights': 'uniform'}",94,0.615625,0.64125,0.634375,0.63625,0.603125,0.635625,0.605625,0.63125,0.600625,0.6240625,0.028534128449563764,0.10502908214684387,0.012349089035228482,0.00576357094169926
0.9918969631195068,2.5439201831817626,0.616125,1.0,chebyshev,34,distance,"{'KNN__metric': 'chebyshev', 'KNN__n_neighbors': 34, 'KNN__weights': 'distance'}",90,0.621875,1.0,0.635,1.0,0.6075,1.0,0.606875,1.0,0.609375,1.0,0.02432215696667015,0.1791672776970482,0.010907279679186723,0.0
0.9721933841705322,2.4790907859802247,0.609375,0.6315937500000001,chebyshev,37,uniform,"{'KNN__metric': 'chebyshev', 'KNN__n_neighbors': 37, 'KNN__weights': 'uniform'}",95,0.60875,0.6359375,0.633125,0.63484375,0.601875,0.63578125,0.6025,0.62953125,0.600625,0.621875,0.08993428248225946,0.3764568996138578,0.012202714861865794,0.005397662978086003
1.0112948417663574,2.5162686347961425,0.613625,1.0,chebyshev,37,distance,"{'KNN__metric': 'chebyshev', 'KNN__n_neighbors': 37, 'KNN__weights': 'distance'}",92,0.613125,1.0,0.636875,1.0,0.60625,1.0,0.605625,1.0,0.60625,1.0,0.09442140409841963,0.20592623905092958,0.011946495301970369,0.0
0.9737953662872314,2.463210678100586,0.6085,0.6278125,chebyshev,40,uniform,"{'KNN__metric': 'chebyshev', 'KNN__n_neighbors': 40, 'KNN__weights': 'uniform'}",98,0.606875,0.63296875,0.635,0.628125,0.599375,0.6315625,0.599375,0.6290625,0.601875,0.61734375,0.045889416741378114,0.3896405922260827,0.013530059127734808,0.00551188346892422
1.0671452522277831,2.4516420364379883,0.612,1.0,chebyshev,40,distance,"{'KNN__metric': 'chebyshev', 'KNN__n_neighbors': 40, 'KNN__weights': 'distance'}",93,0.6125,1.0,0.63625,1.0,0.605,1.0,0.6025,1.0,0.60375,1.0,0.13752751343636718,0.1661966707903854,0.012614475811542854,0.0
0.9506571292877197,2.201709747314453,0.607625,0.623625,chebyshev,43,uniform,"{'KNN__metric': 'chebyshev', 'KNN__n_neighbors': 43, 'KNN__weights': 'uniform'}",99,0.605,0.6246875,0.63875,0.62171875,0.595625,0.62671875,0.59875,0.6265625,0.6,0.6184375,0.03472298815210651,0.10453374209842148,0.015852838862487714,0.003158260498280669
0.9251249313354493,2.181364631652832,0.60875,1.0,chebyshev,43,distance,"{'KNN__metric': 'chebyshev', 'KNN__n_neighbors': 43, 'KNN__weights': 'distance'}",97,0.606875,1.0,0.6375,1.0,0.59875,1.0,0.600625,1.0,0.6,1.0,0.024910278049358397,0.20677565069777396,0.014646885334432013,0.0
0.9937413692474365,2.354612112045288,0.604875,0.62128125,chebyshev,46,uniform,"{'KNN__metric': 'chebyshev', 'KNN__n_neighbors': 46, 'KNN__weights': 'uniform'}",101,0.598125,0.6225,0.63375,0.61921875,0.5975,0.62546875,0.6,0.62203125,0.595,0.6171875,0.1091407469472623,0.3101124267197277,0.014525839046333965,0.0028494105750137225
0.9737949371337891,2.323387861251831,0.60925,1.0,chebyshev,46,distance,"{'KNN__metric': 'chebyshev', 'KNN__n_neighbors': 46, 'KNN__weights': 'distance'}",96,0.604375,1.0,0.6375,1.0,0.60375,1.0,0.603125,1.0,0.5975,1.0,0.028248510483399786,0.15699673692719632,0.014336361114313467,0.0
0.9999256610870362,2.4231177806854247,0.60425,0.61840625,chebyshev,49,uniform,"{'KNN__metric': 'chebyshev', 'KNN__n_neighbors': 49, 'KNN__weights': 'uniform'}",102,0.600625,0.6178125,0.6325,0.61640625,0.59875,0.62453125,0.5975,0.618125,0.591875,0.61515625,0.03318886709773044,0.24192763670584114,0.014423288459987174,0.0032406717089208483
0.9650182723999023,2.48934121131897,0.607375,1.0,chebyshev,49,distance,"{'KNN__metric': 'chebyshev', 'KNN__n_neighbors': 49, 'KNN__weights': 'distance'}",100,0.601875,1.0,0.635,1.0,0.60125,1.0,0.603125,1.0,0.595625,1.0,0.05625370891466499,0.229579332449597,0.014050133451323523,0.0
