mean_fit_time,mean_score_time,mean_test_score,mean_train_score,param_SVM__C,param_SVM__class_weight,param_SVM__max_iter,param_SVM__tol,params,rank_test_score,split0_test_score,split0_train_score,split1_test_score,split1_train_score,split2_test_score,split2_train_score,split3_test_score,split3_train_score,split4_test_score,split4_train_score,std_fit_time,std_score_time,std_test_score,std_train_score
0.3925492286682129,0.015758371353149413,0.1,0.1,0.001,balanced,-1,1e-08,"{'SVM__C': 0.001, 'SVM__class_weight': 'balanced', 'SVM__max_iter': -1, 'SVM__tol': 1e-08}",101,0.1,0.1,0.1,0.1,0.1,0.1,0.1,0.1,0.1,0.1,0.02526722369323543,0.0009772040124558516,0.0,0.0
0.3941453456878662,0.01675524711608887,0.1,0.1,0.001,balanced,-1,0.01000001,"{'SVM__C': 0.001, 'SVM__class_weight': 'balanced', 'SVM__max_iter': -1, 'SVM__tol': 0.01000001}",101,0.1,0.1,0.1,0.1,0.1,0.1,0.1,0.1,0.1,0.1,0.003051029247249838,0.0007460726444593795,0.0,0.0
0.4003286361694336,0.01655607223510742,0.1,0.1,0.001,balanced,-1,0.020000010000000002,"{'SVM__C': 0.001, 'SVM__class_weight': 'balanced', 'SVM__max_iter': -1, 'SVM__tol': 0.020000010000000002}",101,0.1,0.1,0.1,0.1,0.1,0.1,0.1,0.1,0.1,0.1,0.013300023943031777,0.0007979514222645124,0.0,0.0
0.39933347702026367,0.017152070999145508,0.1,0.1,0.001,balanced,-1,0.03000001,"{'SVM__C': 0.001, 'SVM__class_weight': 'balanced', 'SVM__max_iter': -1, 'SVM__tol': 0.03000001}",101,0.1,0.1,0.1,0.1,0.1,0.1,0.1,0.1,0.1,0.1,0.009922914885152739,0.0017195622831291878,0.0,0.0
0.3987326145172119,0.016755962371826173,0.1,0.1,0.001,balanced,-1,0.04000001,"{'SVM__C': 0.001, 'SVM__class_weight': 'balanced', 'SVM__max_iter': -1, 'SVM__tol': 0.04000001}",101,0.1,0.1,0.1,0.1,0.1,0.1,0.1,0.1,0.1,0.1,0.004694849237078202,0.0007463914170789406,0.0,0.0
0.4031211376190186,0.016755104064941406,0.1,0.1,0.001,balanced,-1,0.050000010000000004,"{'SVM__C': 0.001, 'SVM__class_weight': 'balanced', 'SVM__max_iter': -1, 'SVM__tol': 0.050000010000000004}",101,0.1,0.1,0.1,0.1,0.1,0.1,0.1,0.1,0.1,0.1,0.007091653547153349,0.0011629901687862769,0.0,0.0
0.3983339786529541,0.015758705139160157,0.1,0.1,0.001,balanced,-1,0.06000001,"{'SVM__C': 0.001, 'SVM__class_weight': 'balanced', 'SVM__max_iter': -1, 'SVM__tol': 0.06000001}",101,0.1,0.1,0.1,0.1,0.1,0.1,0.1,0.1,0.1,0.1,0.011537962309437386,0.00039885076520761707,0.0,0.0
0.39833383560180663,0.016157054901123048,0.1,0.1,0.001,balanced,-1,0.07000001,"{'SVM__C': 0.001, 'SVM__class_weight': 'balanced', 'SVM__max_iter': -1, 'SVM__tol': 0.07000001}",101,0.1,0.1,0.1,0.1,0.1,0.1,0.1,0.1,0.1,0.1,0.007689166042675916,0.00039904127199602926,0.0,0.0
0.3981341361999512,0.01615738868713379,0.1,0.1,0.001,balanced,-1,0.08000001,"{'SVM__C': 0.001, 'SVM__class_weight': 'balanced', 'SVM__max_iter': -1, 'SVM__tol': 0.08000001}",101,0.1,0.1,0.1,0.1,0.1,0.1,0.1,0.1,0.1,0.1,0.003959259559355112,0.0009770385226483206,0.0,0.0
0.39653825759887695,0.017154502868652343,0.1,0.1,0.001,balanced,-1,0.09000000999999999,"{'SVM__C': 0.001, 'SVM__class_weight': 'balanced', 'SVM__max_iter': -1, 'SVM__tol': 0.09000000999999999}",101,0.1,0.1,0.1,0.1,0.1,0.1,0.1,0.1,0.1,0.1,0.006781409772424425,0.002393341083453649,0.0,0.0
16.64966058731079,0.016555976867675782,0.829125,0.8706875000000001,0.001,balanced,126,1e-08,"{'SVM__C': 0.001, 'SVM__class_weight': 'balanced', 'SVM__max_iter': 126, 'SVM__tol': 1e-08}",1,0.82875,0.86984375,0.81875,0.87171875,0.82625,0.86890625,0.851875,0.868125,0.82,0.87484375,0.7109489238934238,0.0010171489682653174,0.011973930014828075,0.00239954422755656
7.587502956390381,0.01715426445007324,0.828625,0.8706875000000001,0.001,balanced,126,0.01000001,"{'SVM__C': 0.001, 'SVM__class_weight': 'balanced', 'SVM__max_iter': 126, 'SVM__tol': 0.01000001}",10,0.82875,0.86984375,0.8175,0.871875,0.82625,0.86890625,0.851875,0.8678125,0.81875,0.875,0.5048983252389163,0.0014658756908426606,0.012389511693363886,0.0025360679456591837
6.842893981933594,0.01615729331970215,0.828875,0.8705937499999999,0.001,balanced,126,0.020000010000000002,"{'SVM__C': 0.001, 'SVM__class_weight': 'balanced', 'SVM__max_iter': 126, 'SVM__tol': 0.020000010000000002}",5,0.829375,0.86953125,0.818125,0.871875,0.82625,0.86890625,0.851875,0.8678125,0.81875,0.87484375,0.4722409118724801,0.0007466970513238443,0.012281846359566648,0.002506631828769447
6.309122467041016,0.01575784683227539,0.829125,0.8705,0.001,balanced,126,0.03000001,"{'SVM__C': 0.001, 'SVM__class_weight': 'balanced', 'SVM__max_iter': 126, 'SVM__tol': 0.03000001}",1,0.829375,0.86953125,0.818125,0.871875,0.82625,0.86890625,0.853125,0.8675,0.81875,0.8746875,0.31057153506012886,0.000399017647392996,0.012751225431306603,0.0025260362972451223
5.907796096801758,0.015558338165283203,0.829125,0.8702500000000001,0.001,balanced,126,0.04000001,"{'SVM__C': 0.001, 'SVM__class_weight': 'balanced', 'SVM__max_iter': 126, 'SVM__tol': 0.04000001}",1,0.829375,0.8696875,0.818125,0.87203125,0.826875,0.86828125,0.8525,0.8675,0.81875,0.87375,0.15164856481175165,0.0004887919437498363,0.01249124693535439,0.0023314259316993147
5.401550388336181,0.015957355499267578,0.829,0.86996875,0.001,balanced,126,0.050000010000000004,"{'SVM__C': 0.001, 'SVM__class_weight': 'balanced', 'SVM__max_iter': 126, 'SVM__tol': 0.050000010000000004}",4,0.830625,0.8690625,0.8175,0.871875,0.826875,0.8684375,0.85125,0.86734375,0.81875,0.873125,0.20993492250181817,0.0008916435512331063,0.012161671348955273,0.0021749640801631827
5.042909431457519,0.015957450866699217,0.828875,0.8696875000000001,0.001,balanced,126,0.06000001,"{'SVM__C': 0.001, 'SVM__class_weight': 'balanced', 'SVM__max_iter': 126, 'SVM__tol': 0.06000001}",5,0.83,0.86921875,0.816875,0.87109375,0.826875,0.86765625,0.851875,0.86734375,0.81875,0.873125,0.15090323246635026,0.0008922299161186801,0.012496249437331203,0.0021740658913657752
4.972901678085327,0.014954853057861327,0.828875,0.8695937500000002,0.001,balanced,126,0.07000001,"{'SVM__C': 0.001, 'SVM__class_weight': 'balanced', 'SVM__max_iter': 126, 'SVM__tol': 0.07000001}",5,0.829375,0.86875,0.816875,0.87078125,0.826875,0.86765625,0.8525,0.86765625,0.81875,0.873125,0.2514871119986673,1.0997688526016403e-05,0.012719325846915014,0.00210236102394427
4.781209182739258,0.015358877182006837,0.82875,0.86953125,0.001,balanced,126,0.08000001,"{'SVM__C': 0.001, 'SVM__class_weight': 'balanced', 'SVM__max_iter': 126, 'SVM__tol': 0.08000001}",9,0.829375,0.86875,0.816875,0.87078125,0.82625,0.8675,0.85375,0.8675,0.8175,0.873125,0.1879065736162931,0.0004883635580085584,0.013410583507066347,0.0021605482521804384
4.667713069915772,0.015358877182006837,0.828875,0.8695,0.001,balanced,126,0.09000000999999999,"{'SVM__C': 0.001, 'SVM__class_weight': 'balanced', 'SVM__max_iter': 126, 'SVM__tol': 0.09000000999999999}",5,0.829375,0.86875,0.816875,0.87078125,0.826875,0.86734375,0.85375,0.8675,0.8175,0.873125,0.1063637584131177,0.0007972956755340809,0.013389594840770947,0.0021906227710402387
0.3590391635894775,0.016755437850952147,0.1,0.1,0.251,balanced,-1,1e-08,"{'SVM__C': 0.251, 'SVM__class_weight': 'balanced', 'SVM__max_iter': -1, 'SVM__tol': 1e-08}",101,0.1,0.1,0.1,0.1,0.1,0.1,0.1,0.1,0.1,0.1,0.009248990391694245,0.0007461235530095382,0.0,0.0
0.360235595703125,0.01735401153564453,0.1,0.1,0.251,balanced,-1,0.01000001,"{'SVM__C': 0.251, 'SVM__class_weight': 'balanced', 'SVM__max_iter': -1, 'SVM__tol': 0.01000001}",101,0.1,0.1,0.1,0.1,0.1,0.1,0.1,0.1,0.1,0.1,0.003420085225756022,0.0004883248339513417,0.0,0.0
0.3765918731689453,0.016356372833251955,0.1,0.1,0.251,balanced,-1,0.020000010000000002,"{'SVM__C': 0.251, 'SVM__class_weight': 'balanced', 'SVM__max_iter': -1, 'SVM__tol': 0.020000010000000002}",101,0.1,0.1,0.1,0.1,0.1,0.1,0.1,0.1,0.1,0.1,0.014828028270878838,0.0007977963277652459,0.0,0.0
0.37100720405578613,0.015758323669433593,0.1,0.1,0.251,balanced,-1,0.03000001,"{'SVM__C': 0.251, 'SVM__class_weight': 'balanced', 'SVM__max_iter': -1, 'SVM__tol': 0.03000001}",101,0.1,0.1,0.1,0.1,0.1,0.1,0.1,0.1,0.1,0.1,0.0035679466047871763,0.00039889873388653267,0.0,0.0
0.37699117660522463,0.01655607223510742,0.1,0.1,0.251,balanced,-1,0.04000001,"{'SVM__C': 0.251, 'SVM__class_weight': 'balanced', 'SVM__max_iter': -1, 'SVM__tol': 0.04000001}",101,0.1,0.1,0.1,0.1,0.1,0.1,0.1,0.1,0.1,0.1,0.012957469914577711,0.0007982496060811828,0.0,0.0
0.3732004642486572,0.01735377311706543,0.1,0.1,0.251,balanced,-1,0.050000010000000004,"{'SVM__C': 0.251, 'SVM__class_weight': 'balanced', 'SVM__max_iter': -1, 'SVM__tol': 0.050000010000000004}",101,0.1,0.1,0.1,0.1,0.1,0.1,0.1,0.1,0.1,0.1,0.010712751070098031,0.0007976293759822772,0.0,0.0
0.3652229309082031,0.01595730781555176,0.1,0.1,0.251,balanced,-1,0.06000001,"{'SVM__C': 0.251, 'SVM__class_weight': 'balanced', 'SVM__max_iter': -1, 'SVM__tol': 0.06000001}",101,0.1,0.1,0.1,0.1,0.1,0.1,0.1,0.1,0.1,0.1,0.0017159835532782317,0.001092492813394931,0.0,0.0
0.3680149555206299,0.015558528900146484,0.1,0.1,0.251,balanced,-1,0.07000001,"{'SVM__C': 0.251, 'SVM__class_weight': 'balanced', 'SVM__max_iter': -1, 'SVM__tol': 0.07000001}",101,0.1,0.1,0.1,0.1,0.1,0.1,0.1,0.1,0.1,0.1,0.005352659598094965,0.0004884609947696123,0.0,0.0
0.37419872283935546,0.015558862686157226,0.1,0.1,0.251,balanced,-1,0.08000001,"{'SVM__C': 0.251, 'SVM__class_weight': 'balanced', 'SVM__max_iter': -1, 'SVM__tol': 0.08000001}",101,0.1,0.1,0.1,0.1,0.1,0.1,0.1,0.1,0.1,0.1,0.011874101841907939,0.0004884417277613227,0.0,0.0
0.3747972011566162,0.016755104064941406,0.1,0.1,0.251,balanced,-1,0.09000000999999999,"{'SVM__C': 0.251, 'SVM__class_weight': 'balanced', 'SVM__max_iter': -1, 'SVM__tol': 0.09000000999999999}",101,0.1,0.1,0.1,0.1,0.1,0.1,0.1,0.1,0.1,0.1,0.0068637634349598495,0.0011629493069335384,0.0,0.0
30.729795122146605,0.015558624267578125,0.786875,0.96325,0.251,balanced,126,1e-08,"{'SVM__C': 0.251, 'SVM__class_weight': 'balanced', 'SVM__max_iter': 126, 'SVM__tol': 1e-08}",71,0.788125,0.96421875,0.785,0.9615625,0.78875,0.96390625,0.8,0.95921875,0.7725,0.96734375,1.0647058171160797,0.0004886363180176763,0.008803408430829525,0.0027286099941178665
15.021815156936645,0.015359163284301758,0.791375,0.9606562499999999,0.251,balanced,126,0.01000001,"{'SVM__C': 0.251, 'SVM__class_weight': 'balanced', 'SVM__max_iter': 126, 'SVM__tol': 0.01000001}",30,0.794375,0.9609375,0.7875,0.9596875,0.790625,0.96125,0.80625,0.95703125,0.778125,0.964375,1.2040393445431476,0.0007978679797903106,0.009180482013489295,0.0023807496193426086
11.698904705047607,0.01635608673095703,0.7925,0.95859375,0.251,balanced,126,0.020000010000000002,"{'SVM__C': 0.251, 'SVM__class_weight': 'balanced', 'SVM__max_iter': 126, 'SVM__tol': 0.020000010000000002}",22,0.79375,0.95953125,0.7875,0.9590625,0.79,0.96015625,0.810625,0.95359375,0.780625,0.960625,0.9113398285283275,0.0010165693668326035,0.010023410098364738,0.0025560131308348046
10.199720096588134,0.01515369415283203,0.79375,0.95728125,0.251,balanced,126,0.03000001,"{'SVM__C': 0.251, 'SVM__class_weight': 'balanced', 'SVM__max_iter': 126, 'SVM__tol': 0.03000001}",18,0.795,0.9584375,0.786875,0.958125,0.791875,0.9590625,0.811875,0.9515625,0.783125,0.95921875,0.8548535086819222,0.0011688310039937337,0.009937303457175911,0.0028872023656127937
9.044404697418212,0.015558958053588867,0.794,0.9559999999999998,0.251,balanced,126,0.04000001,"{'SVM__C': 0.251, 'SVM__class_weight': 'balanced', 'SVM__max_iter': 126, 'SVM__tol': 0.04000001}",16,0.793125,0.9578125,0.79,0.9559375,0.790625,0.9578125,0.8125,0.95015625,0.78375,0.95828125,0.32642695531973326,0.0007980468822687835,0.00975160243242105,0.0030307667140510547
8.83157925605774,0.01435680389404297,0.794125,0.9555625000000001,0.251,balanced,126,0.050000010000000004,"{'SVM__C': 0.251, 'SVM__class_weight': 'balanced', 'SVM__max_iter': 126, 'SVM__tol': 0.050000010000000004}",15,0.794375,0.956875,0.789375,0.95578125,0.790625,0.95734375,0.8125,0.95015625,0.78375,0.95765625,0.24669685352663379,0.000492826725918771,0.009799553561259824,0.0027768574864403765
8.305183029174804,0.015159225463867188,0.79425,0.9543125,0.251,balanced,126,0.06000001,"{'SVM__C': 0.251, 'SVM__class_weight': 'balanced', 'SVM__max_iter': 126, 'SVM__tol': 0.06000001}",14,0.793125,0.95640625,0.7875,0.95421875,0.7925,0.95515625,0.8125,0.94828125,0.785625,0.9575,0.26590584051193733,0.0009777004091587771,0.009563929631694288,0.003213740033045631
8.044086742401124,0.01475529670715332,0.795125,0.9534062500000001,0.251,balanced,126,0.07000001,"{'SVM__C': 0.251, 'SVM__class_weight': 'balanced', 'SVM__max_iter': 126, 'SVM__tol': 0.07000001}",12,0.795625,0.9546875,0.78625,0.95375,0.793125,0.954375,0.813125,0.948125,0.7875,0.95609375,0.20215039231944562,0.000409985337319925,0.009645270861930212,0.0027499999999999946
7.828258419036866,0.015558719635009766,0.79575,0.9526249999999999,0.251,balanced,126,0.08000001,"{'SVM__C': 0.251, 'SVM__class_weight': 'balanced', 'SVM__max_iter': 126, 'SVM__tol': 0.08000001}",11,0.796875,0.953125,0.785625,0.95359375,0.794375,0.953125,0.8125,0.9478125,0.789375,0.95546875,0.21649960725670853,0.0004885194474978898,0.009239859306288152,0.0025567771461353617
7.775599098205566,0.01535940170288086,0.794375,0.952125,0.251,balanced,126,0.09000000999999999,"{'SVM__C': 0.251, 'SVM__class_weight': 'balanced', 'SVM__max_iter': 126, 'SVM__tol': 0.09000000999999999}",13,0.796875,0.953125,0.785625,0.95359375,0.79125,0.9525,0.81,0.94703125,0.788125,0.954375,0.20457597121784626,0.000797510553368435,0.00866927044219987,0.002619413698711986
0.34707093238830566,0.01655569076538086,0.1,0.1,0.501,balanced,-1,1e-08,"{'SVM__C': 0.501, 'SVM__class_weight': 'balanced', 'SVM__max_iter': -1, 'SVM__tol': 1e-08}",101,0.1,0.1,0.1,0.1,0.1,0.1,0.1,0.1,0.1,0.1,0.010421589330889124,0.0010166160004667936,0.0,0.0
0.35485105514526366,0.016754865646362305,0.1,0.1,0.501,balanced,-1,0.01000001,"{'SVM__C': 0.501, 'SVM__class_weight': 'balanced', 'SVM__max_iter': -1, 'SVM__tol': 0.01000001}",101,0.1,0.1,0.1,0.1,0.1,0.1,0.1,0.1,0.1,0.1,0.001715711869300955,0.00039875508423877924,0.0,0.0
0.3592394828796387,0.017153549194335937,0.1,0.1,0.501,balanced,-1,0.020000010000000002,"{'SVM__C': 0.501, 'SVM__class_weight': 'balanced', 'SVM__max_iter': -1, 'SVM__tol': 0.020000010000000002}",101,0.1,0.1,0.1,0.1,0.1,0.1,0.1,0.1,0.1,0.1,0.010159416305646998,0.0007462130467266431,0.0,0.0
0.3644245624542236,0.016156959533691406,0.1,0.1,0.501,balanced,-1,0.03000001,"{'SVM__C': 0.501, 'SVM__class_weight': 'balanced', 'SVM__max_iter': -1, 'SVM__tol': 0.03000001}",101,0.1,0.1,0.1,0.1,0.1,0.1,0.1,0.1,0.1,0.1,0.009022173537567284,0.0007463401581717607,0.0,0.0
0.36362743377685547,0.01635580062866211,0.1,0.1,0.501,balanced,-1,0.04000001,"{'SVM__C': 0.501, 'SVM__class_weight': 'balanced', 'SVM__max_iter': -1, 'SVM__tol': 0.04000001}",101,0.1,0.1,0.1,0.1,0.1,0.1,0.1,0.1,0.1,0.1,0.0033738454940739912,0.0004884804984084026,0.0,0.0
0.3646243095397949,0.01655583381652832,0.1,0.1,0.501,balanced,-1,0.050000010000000004,"{'SVM__C': 0.501, 'SVM__class_weight': 'balanced', 'SVM__max_iter': -1, 'SVM__tol': 0.050000010000000004}",101,0.1,0.1,0.1,0.1,0.1,0.1,0.1,0.1,0.1,0.1,0.0034890440764801405,0.0007974148438192519,0.0,0.0
0.3668190002441406,0.016555261611938477,0.1,0.1,0.501,balanced,-1,0.06000001,"{'SVM__C': 0.501, 'SVM__class_weight': 'balanced', 'SVM__max_iter': -1, 'SVM__tol': 0.06000001}",101,0.1,0.1,0.1,0.1,0.1,0.1,0.1,0.1,0.1,0.1,0.0033016813291598967,0.0004892594952204005,0.0,0.0
0.3674171924591064,0.01635580062866211,0.1,0.1,0.501,balanced,-1,0.07000001,"{'SVM__C': 0.501, 'SVM__class_weight': 'balanced', 'SVM__max_iter': -1, 'SVM__tol': 0.07000001}",101,0.1,0.1,0.1,0.1,0.1,0.1,0.1,0.1,0.1,0.1,0.004396978199854929,0.0004882865678229432,0.0,0.0
0.36542301177978515,0.016754293441772462,0.1,0.1,0.501,balanced,-1,0.08000001,"{'SVM__C': 0.501, 'SVM__class_weight': 'balanced', 'SVM__max_iter': -1, 'SVM__tol': 0.08000001}",101,0.1,0.1,0.1,0.1,0.1,0.1,0.1,0.1,0.1,0.1,0.003546017945418175,0.00039823093450258807,0.0,0.0
0.3666195869445801,0.016555595397949218,0.1,0.1,0.501,balanced,-1,0.09000000999999999,"{'SVM__C': 0.501, 'SVM__class_weight': 'balanced', 'SVM__max_iter': -1, 'SVM__tol': 0.09000000999999999}",101,0.1,0.1,0.1,0.1,0.1,0.1,0.1,0.1,0.1,0.1,0.006263227751311709,0.0004887533280675909,0.0,0.0
30.073350858688354,0.014761018753051757,0.7805,0.9670312500000001,0.501,balanced,126,1e-08,"{'SVM__C': 0.501, 'SVM__class_weight': 'balanced', 'SVM__max_iter': 126, 'SVM__tol': 1e-08}",88,0.78375,0.96609375,0.78,0.9659375,0.785625,0.96828125,0.788125,0.9646875,0.765,0.97015625,0.49437013203906754,0.0007464931537240188,0.008191077462702924,0.0019440413768744833
16.703122758865355,0.01535334587097168,0.785625,0.9643750000000001,0.501,balanced,126,0.01000001,"{'SVM__C': 0.501, 'SVM__class_weight': 'balanced', 'SVM__max_iter': 126, 'SVM__tol': 0.01000001}",77,0.7875,0.96390625,0.784375,0.963125,0.78875,0.965,0.795625,0.9625,0.771875,0.96734375,0.7847921987941682,0.0010247158704411,0.007796233064756347,0.001703053324179814
11.740398645401001,0.015752553939819336,0.788625,0.9613125,0.501,balanced,126,0.020000010000000002,"{'SVM__C': 0.501, 'SVM__class_weight': 'balanced', 'SVM__max_iter': 126, 'SVM__tol': 0.020000010000000002}",55,0.788125,0.96015625,0.784375,0.9615625,0.79,0.963125,0.803125,0.95703125,0.7775,0.9646875,1.0123343773948832,0.001166426996030408,0.00841687293476621,0.002623139221429169
9.791805696487426,0.014361953735351563,0.790375,0.959875,0.501,balanced,126,0.03000001,"{'SVM__C': 0.501, 'SVM__class_weight': 'balanced', 'SVM__max_iter': 126, 'SVM__tol': 0.03000001}",37,0.789375,0.95921875,0.784375,0.960625,0.794375,0.96125,0.8025,0.95515625,0.78125,0.963125,0.2347169088969305,0.00048824685038897334,0.0075270346086622935,0.0026725602191531523
8.911560153961181,0.015159416198730468,0.791625,0.957625,0.501,balanced,126,0.04000001,"{'SVM__C': 0.501, 'SVM__class_weight': 'balanced', 'SVM__max_iter': 126, 'SVM__tol': 0.04000001}",27,0.79125,0.95703125,0.785,0.9590625,0.793125,0.9590625,0.80375,0.95296875,0.785,0.96,0.0859827632246153,0.0003992081258038345,0.006887488656977929,0.002522167346747625
8.552720403671264,0.015558433532714844,0.791625,0.9568749999999999,0.501,balanced,126,0.050000010000000004,"{'SVM__C': 0.501, 'SVM__class_weight': 'balanced', 'SVM__max_iter': 126, 'SVM__tol': 0.050000010000000004}",27,0.791875,0.95625,0.785625,0.95859375,0.793125,0.9584375,0.8025,0.95171875,0.785,0.959375,0.16772095954594177,0.0007979632332204613,0.006331962570956955,0.0027793181492949174
8.187896156311036,0.014960145950317383,0.792625,0.9553750000000001,0.501,balanced,126,0.06000001,"{'SVM__C': 0.501, 'SVM__class_weight': 'balanced', 'SVM__max_iter': 126, 'SVM__tol': 0.06000001}",21,0.791875,0.95625,0.789375,0.9575,0.7925,0.9578125,0.8025,0.9490625,0.786875,0.95625,0.08368896593532775,0.0008920166808115348,0.005323884859761706,0.0032198117180978025
8.078594255447388,0.015153884887695312,0.792875,0.955125,0.501,balanced,126,0.07000001,"{'SVM__C': 0.501, 'SVM__class_weight': 'balanced', 'SVM__max_iter': 126, 'SVM__tol': 0.07000001}",19,0.79125,0.95546875,0.79,0.9571875,0.793125,0.95765625,0.8025,0.94921875,0.7875,0.95609375,0.09417137680114536,0.00040198529160080356,0.0051478150704934965,0.003052918685454944
7.906659126281738,0.014949226379394531,0.792875,0.9536875,0.501,balanced,126,0.08000001,"{'SVM__C': 0.501, 'SVM__class_weight': 'balanced', 'SVM__max_iter': 126, 'SVM__tol': 0.08000001}",19,0.791875,0.953125,0.79,0.9571875,0.79,0.956875,0.80375,0.94921875,0.78875,0.95203125,0.13402262850561,0.0010978741911650113,0.005528336096873982,0.003014612848277536
7.806715822219848,0.015159702301025391,0.794,0.9531875,0.501,balanced,126,0.09000000999999999,"{'SVM__C': 0.501, 'SVM__class_weight': 'balanced', 'SVM__max_iter': 126, 'SVM__tol': 0.09000000999999999}",16,0.794375,0.95265625,0.79,0.95609375,0.7925,0.9559375,0.80375,0.94921875,0.789375,0.95203125,0.14265240011493485,0.0007460096477480592,0.005193144519460222,0.0025837533260742907
0.3442786693572998,0.016156816482543947,0.1,0.1,0.751,balanced,-1,1e-08,"{'SVM__C': 0.751, 'SVM__class_weight': 'balanced', 'SVM__max_iter': -1, 'SVM__tol': 1e-08}",101,0.1,0.1,0.1,0.1,0.1,0.1,0.1,0.1,0.1,0.1,0.004694928229388379,0.0009772527223383541,0.0,0.0
0.35485005378723145,0.0169553279876709,0.1,0.1,0.751,balanced,-1,0.01000001,"{'SVM__C': 0.751, 'SVM__class_weight': 'balanced', 'SVM__max_iter': -1, 'SVM__tol': 0.01000001}",101,0.1,0.1,0.1,0.1,0.1,0.1,0.1,0.1,0.1,0.1,0.004779418216100546,0.0006302987775158323,0.0,0.0
0.35524930953979494,0.016954755783081053,0.1,0.1,0.751,balanced,-1,0.020000010000000002,"{'SVM__C': 0.751, 'SVM__class_weight': 'balanced', 'SVM__max_iter': -1, 'SVM__tol': 0.020000010000000002}",101,0.1,0.1,0.1,0.1,0.1,0.1,0.1,0.1,0.1,0.1,0.004433231184364187,2.4314019744838644e-07,0.0,0.0
0.3648233413696289,0.01595768928527832,0.1,0.1,0.751,balanced,-1,0.03000001,"{'SVM__C': 0.751, 'SVM__class_weight': 'balanced', 'SVM__max_iter': -1, 'SVM__tol': 0.03000001}",101,0.1,0.1,0.1,0.1,0.1,0.1,0.1,0.1,0.1,0.1,0.00477902019007105,3.2340669551493016e-07,0.0,0.0
0.36402578353881837,0.01615734100341797,0.1,0.1,0.751,balanced,-1,0.04000001,"{'SVM__C': 0.751, 'SVM__class_weight': 'balanced', 'SVM__max_iter': -1, 'SVM__tol': 0.04000001}",101,0.1,0.1,0.1,0.1,0.1,0.1,0.1,0.1,0.1,0.1,0.005641642298655124,0.00039937500099403747,0.0,0.0
0.3700099468231201,0.015957736968994142,0.1,0.1,0.751,balanced,-1,0.050000010000000004,"{'SVM__C': 0.751, 'SVM__class_weight': 'balanced', 'SVM__max_iter': -1, 'SVM__tol': 0.050000010000000004}",101,0.1,0.1,0.1,0.1,0.1,0.1,0.1,0.1,0.1,0.1,0.007382706218599921,0.0006306756232245978,0.0,0.0
0.36602025032043456,0.015758419036865236,0.1,0.1,0.751,balanced,-1,0.06000001,"{'SVM__C': 0.751, 'SVM__class_weight': 'balanced', 'SVM__max_iter': -1, 'SVM__tol': 0.06000001}",101,0.1,0.1,0.1,0.1,0.1,0.1,0.1,0.1,0.1,0.1,0.003888320457382122,0.0003989458475937594,0.0,0.0
0.36661853790283205,0.015359592437744141,0.1,0.1,0.751,balanced,-1,0.07000001,"{'SVM__C': 0.751, 'SVM__class_weight': 'balanced', 'SVM__max_iter': -1, 'SVM__tol': 0.07000001}",101,0.1,0.1,0.1,0.1,0.1,0.1,0.1,0.1,0.1,0.1,0.007372188908920279,0.0004885583655584301,0.0,0.0
0.3656217098236084,0.015758228302001954,0.1,0.1,0.751,balanced,-1,0.08000001,"{'SVM__C': 0.751, 'SVM__class_weight': 'balanced', 'SVM__max_iter': -1, 'SVM__tol': 0.08000001}",101,0.1,0.1,0.1,0.1,0.1,0.1,0.1,0.1,0.1,0.1,0.0058356405338848534,0.00039873126020159984,0.0,0.0
0.3698101997375488,0.01575813293457031,0.1,0.1,0.751,balanced,-1,0.09000000999999999,"{'SVM__C': 0.751, 'SVM__class_weight': 'balanced', 'SVM__max_iter': -1, 'SVM__tol': 0.09000000999999999}",101,0.1,0.1,0.1,0.1,0.1,0.1,0.1,0.1,0.1,0.1,0.006414219698856599,0.0007457412806750278,0.0,0.0
29.129476070404053,0.01456151008605957,0.777625,0.967625,0.751,balanced,126,1e-08,"{'SVM__C': 0.751, 'SVM__class_weight': 'balanced', 'SVM__max_iter': 126, 'SVM__tol': 1e-08}",95,0.780625,0.966875,0.77625,0.96578125,0.781875,0.96953125,0.78625,0.96484375,0.763125,0.97109375,0.45911382090170794,0.0004885971129893826,0.007919517030728561,0.0023393709090265905
16.88542971611023,0.015359210968017577,0.782125,0.9653125000000001,0.751,balanced,126,0.01000001,"{'SVM__C': 0.751, 'SVM__class_weight': 'balanced', 'SVM__max_iter': 126, 'SVM__tol': 0.01000001}",86,0.783125,0.96484375,0.780625,0.9640625,0.786875,0.9659375,0.79125,0.9628125,0.76875,0.96890625,1.2535872594399935,0.001017242739053416,0.007589054618330254,0.002065811735129795
11.725433492660523,0.01575770378112793,0.7865,0.9627187500000002,0.751,balanced,126,0.020000010000000002,"{'SVM__C': 0.751, 'SVM__class_weight': 'balanced', 'SVM__max_iter': 126, 'SVM__tol': 0.020000010000000002}",74,0.789375,0.96125,0.781875,0.96203125,0.786875,0.96484375,0.800625,0.96015625,0.77375,0.9653125,1.264681728577718,0.000746391325689751,0.008852965604812886,0.0020218532649527122
9.684303712844848,0.014949703216552734,0.7875,0.9614062499999999,0.751,balanced,126,0.03000001,"{'SVM__C': 0.751, 'SVM__class_weight': 'balanced', 'SVM__max_iter': 126, 'SVM__tol': 0.03000001}",65,0.789375,0.9609375,0.783125,0.96171875,0.788125,0.96359375,0.7975,0.958125,0.779375,0.96265625,0.25105288626064776,0.0006326817048609003,0.006149186938124415,0.001867171155786209
9.126983785629273,0.015359449386596679,0.78975,0.9604062499999999,0.751,balanced,126,0.04000001,"{'SVM__C': 0.751, 'SVM__class_weight': 'balanced', 'SVM__max_iter': 126, 'SVM__tol': 0.04000001}",45,0.791875,0.960625,0.785,0.96078125,0.789375,0.96265625,0.79875,0.9565625,0.78375,0.96140625,0.12119879673440177,0.0010173361100750966,0.005370637764735201,0.002050628714565371
8.634301996231079,0.014960527420043945,0.78925,0.9594374999999999,0.751,balanced,126,0.050000010000000004,"{'SVM__C': 0.751, 'SVM__class_weight': 'balanced', 'SVM__max_iter': 126, 'SVM__tol': 0.050000010000000004}",50,0.79,0.95890625,0.786875,0.9596875,0.79,0.96265625,0.796875,0.955,0.7825,0.9609375,0.24624750163359677,0.0006303743046304165,0.004700398919240802,0.0025552488870949678
8.33390531539917,0.015359020233154297,0.78925,0.9583124999999999,0.751,balanced,126,0.06000001,"{'SVM__C': 0.751, 'SVM__class_weight': 'balanced', 'SVM__max_iter': 126, 'SVM__tol': 0.06000001}",50,0.79125,0.95875,0.7825,0.959375,0.79,0.958125,0.798125,0.95421875,0.784375,0.96109375,0.18176534186515464,0.0004883441241955847,0.005525509026325077,0.002273746220447644
8.090357494354247,0.015359115600585938,0.79,0.9568125000000001,0.751,balanced,126,0.07000001,"{'SVM__C': 0.751, 'SVM__class_weight': 'balanced', 'SVM__max_iter': 126, 'SVM__tol': 0.07000001}",42,0.793125,0.95890625,0.78125,0.95921875,0.789375,0.95796875,0.800625,0.951875,0.785625,0.95609375,0.24406132603398975,0.0007977725696315596,0.00661437827766148,0.0026983791431153532
7.882712984085083,0.01495966911315918,0.7905,0.955875,0.751,balanced,126,0.08000001,"{'SVM__C': 0.751, 'SVM__class_weight': 'balanced', 'SVM__max_iter': 126, 'SVM__tol': 0.08000001}",36,0.7925,0.95765625,0.78375,0.95828125,0.79,0.9571875,0.800625,0.95125,0.785625,0.955,0.24530740533255882,0.0006305250865038916,0.005934538735234628,0.0025628810692265628
7.694416332244873,0.014960050582885742,0.791125,0.9549687499999999,0.751,balanced,126,0.09000000999999999,"{'SVM__C': 0.751, 'SVM__class_weight': 'balanced', 'SVM__max_iter': 126, 'SVM__tol': 0.09000000999999999}",32,0.7975,0.955,0.781875,0.958125,0.786875,0.95546875,0.800625,0.95125,0.78875,0.955,0.23373976016780715,0.0006305250576550878,0.00693045813781457,0.0021928505991060904
0.34407920837402345,0.016954469680786132,0.1,0.1,1.001,balanced,-1,1e-08,"{'SVM__C': 1.001, 'SVM__class_weight': 'balanced', 'SVM__max_iter': -1, 'SVM__tol': 1e-08}",101,0.1,0.1,0.1,0.1,0.1,0.1,0.1,0.1,0.1,0.1,0.005606424243038682,6.106495129998063e-07,0.0,0.0
0.35245718955993655,0.016156768798828124,0.1,0.1,1.001,balanced,-1,0.01000001,"{'SVM__C': 1.001, 'SVM__class_weight': 'balanced', 'SVM__max_iter': -1, 'SVM__tol': 0.01000001}",101,0.1,0.1,0.1,0.1,0.1,0.1,0.1,0.1,0.1,0.1,0.0025697862226428648,0.0003991845794270171,0.0,0.0
0.35405240058898924,0.01675572395324707,0.1,0.1,1.001,balanced,-1,0.020000010000000002,"{'SVM__C': 1.001, 'SVM__class_weight': 'balanced', 'SVM__max_iter': -1, 'SVM__tol': 0.020000010000000002}",101,0.1,0.1,0.1,0.1,0.1,0.1,0.1,0.1,0.1,0.1,0.0026006347692700926,0.001163423632468648,0.0,0.0
0.35704450607299804,0.01735372543334961,0.1,0.1,1.001,balanced,-1,0.03000001,"{'SVM__C': 1.001, 'SVM__class_weight': 'balanced', 'SVM__max_iter': -1, 'SVM__tol': 0.03000001}",101,0.1,0.1,0.1,0.1,0.1,0.1,0.1,0.1,0.1,0.1,0.004762864667519785,0.0014920813944548131,0.0,0.0
0.36522297859191893,0.015957450866699217,0.1,0.1,1.001,balanced,-1,0.04000001,"{'SVM__C': 1.001, 'SVM__class_weight': 'balanced', 'SVM__max_iter': -1, 'SVM__tol': 0.04000001}",101,0.1,0.1,0.1,0.1,0.1,0.1,0.1,0.1,0.1,0.1,0.004942346392491766,0.0006306002511861473,0.0,0.0
0.3592383861541748,0.016755199432373045,0.1,0.1,1.001,balanced,-1,0.050000010000000004,"{'SVM__C': 1.001, 'SVM__class_weight': 'balanced', 'SVM__max_iter': -1, 'SVM__tol': 0.050000010000000004}",101,0.1,0.1,0.1,0.1,0.1,0.1,0.1,0.1,0.1,0.1,0.002554469836145945,0.000746505873256336,0.0,0.0
0.362031364440918,0.01595726013183594,0.1,0.1,1.001,balanced,-1,0.06000001,"{'SVM__C': 1.001, 'SVM__class_weight': 'balanced', 'SVM__max_iter': -1, 'SVM__tol': 0.06000001}",101,0.1,0.1,0.1,0.1,0.1,0.1,0.1,0.1,0.1,0.1,0.003678590071444412,7.629394531249999e-07,0.0,0.0
0.3618319511413574,0.01675524711608887,0.1,0.1,1.001,balanced,-1,0.07000001,"{'SVM__C': 1.001, 'SVM__class_weight': 'balanced', 'SVM__max_iter': -1, 'SVM__tol': 0.07000001}",101,0.1,0.1,0.1,0.1,0.1,0.1,0.1,0.1,0.1,0.1,0.0021296114397254566,0.0007460725987452622,0.0,0.0
0.364424991607666,0.016356372833251955,0.1,0.1,1.001,balanced,-1,0.08000001,"{'SVM__C': 1.001, 'SVM__class_weight': 'balanced', 'SVM__max_iter': -1, 'SVM__tol': 0.08000001}",101,0.1,0.1,0.1,0.1,0.1,0.1,0.1,0.1,0.1,0.1,0.009495146157167192,0.000488500168831465,0.0,0.0
0.36282882690429685,0.016356658935546876,0.1,0.1,1.001,balanced,-1,0.09000000999999999,"{'SVM__C': 1.001, 'SVM__class_weight': 'balanced', 'SVM__max_iter': -1, 'SVM__tol': 0.09000000999999999}",101,0.1,0.1,0.1,0.1,0.1,0.1,0.1,0.1,0.1,0.1,0.00410704883866509,0.0010167188195131416,0.0,0.0
28.98207015991211,0.01456136703491211,0.77925,0.9681875,1.001,balanced,126,1e-08,"{'SVM__C': 1.001, 'SVM__class_weight': 'balanced', 'SVM__max_iter': 126, 'SVM__tol': 1e-08}",92,0.781875,0.96578125,0.778125,0.9675,0.785625,0.97015625,0.78625,0.96515625,0.764375,0.97234375,0.44014752288424885,0.0004886751197548962,0.007988272654335223,0.0027056076027391442
19.91472601890564,0.014959716796875,0.781625,0.96675,1.001,balanced,126,0.01000001,"{'SVM__C': 1.001, 'SVM__class_weight': 'balanced', 'SVM__max_iter': 126, 'SVM__tol': 0.01000001}",87,0.784375,0.965625,0.783125,0.9659375,0.78625,0.96828125,0.7875,0.96375,0.766875,0.97015625,1.089880153139958,0.0006309018835301463,0.007527034608662307,0.002230383235006954
11.921513891220092,0.014356565475463868,0.788625,0.9621875,1.001,balanced,126,0.020000010000000002,"{'SVM__C': 1.001, 'SVM__class_weight': 'balanced', 'SVM__max_iter': 126, 'SVM__tol': 0.020000010000000002}",55,0.7925,0.960625,0.7825,0.9615625,0.79125,0.96421875,0.798125,0.9603125,0.77875,0.96421875,1.0276070198598672,0.0004927402121316304,0.007031180555212598,0.0017087778893115529
10.287479543685913,0.014960002899169923,0.789875,0.9607187500000001,1.001,balanced,126,0.03000001,"{'SVM__C': 1.001, 'SVM__class_weight': 'balanced', 'SVM__max_iter': 126, 'SVM__tol': 0.03000001}",43,0.79375,0.9596875,0.785625,0.96203125,0.789375,0.96234375,0.799375,0.958125,0.78125,0.96140625,1.1904744119866664,3.162979879718208e-07,0.006292356474326585,0.001589147766886398
9.016479539871217,0.015361595153808593,0.790125,0.9593125,1.001,balanced,126,0.04000001,"{'SVM__C': 1.001, 'SVM__class_weight': 'balanced', 'SVM__max_iter': 126, 'SVM__tol': 0.04000001}",40,0.7925,0.95890625,0.78625,0.96109375,0.790625,0.95953125,0.799375,0.95703125,0.781875,0.96,0.31188278585800466,0.00048684472314778027,0.005908151149048222,0.0013462912017836149
8.472734403610229,0.014561271667480469,0.790375,0.95821875,1.001,balanced,126,0.050000010000000004,"{'SVM__C': 1.001, 'SVM__class_weight': 'balanced', 'SVM__max_iter': 126, 'SVM__tol': 0.050000010000000004}",37,0.791875,0.95640625,0.785,0.96078125,0.79,0.95859375,0.8025,0.9559375,0.7825,0.959375,0.3799228716560373,0.0004885972758654435,0.0069327123119310215,0.001818417065747025
8.264092683792114,0.014361572265625,0.791,0.9569374999999999,1.001,balanced,126,0.06000001,"{'SVM__C': 1.001, 'SVM__class_weight': 'balanced', 'SVM__max_iter': 126, 'SVM__tol': 0.06000001}",33,0.79125,0.9559375,0.785625,0.958125,0.791875,0.95640625,0.80375,0.95484375,0.7825,0.959375,0.29621039539323907,0.000487974222147208,0.007273668262988069,0.0016135413304281942
7.955523300170898,0.014555835723876953,0.791625,0.9545625000000001,1.001,balanced,126,0.07000001,"{'SVM__C': 1.001, 'SVM__class_weight': 'balanced', 'SVM__max_iter': 126, 'SVM__tol': 0.07000001}",27,0.790625,0.9540625,0.7875,0.95734375,0.79375,0.9525,0.803125,0.95453125,0.783125,0.954375,0.3362791704309655,0.00048475056774824,0.006738415985971779,0.001566868892090221
7.7845851421356205,0.015149736404418945,0.79175,0.95425,1.001,balanced,126,0.08000001,"{'SVM__C': 1.001, 'SVM__class_weight': 'balanced', 'SVM__max_iter': 126, 'SVM__tol': 0.08000001}",25,0.79,0.9540625,0.7875,0.9571875,0.795,0.95296875,0.801875,0.95359375,0.784375,0.9534375,0.3980752146906181,0.0007494697131653037,0.006141559248269119,0.00150973404114762
7.654323387145996,0.01515955924987793,0.791875,0.9534062500000001,1.001,balanced,126,0.09000000999999999,"{'SVM__C': 1.001, 'SVM__class_weight': 'balanced', 'SVM__max_iter': 126, 'SVM__tol': 0.09000000999999999}",24,0.788125,0.953125,0.788125,0.95703125,0.795625,0.951875,0.803125,0.951875,0.784375,0.953125,0.3242770620952965,0.00039889836338408396,0.006708203932499363,0.0018967488631866814
0.33909244537353517,0.016156816482543947,0.1,0.1,1.251,balanced,-1,1e-08,"{'SVM__C': 1.251, 'SVM__class_weight': 'balanced', 'SVM__max_iter': -1, 'SVM__tol': 1e-08}",101,0.1,0.1,0.1,0.1,0.1,0.1,0.1,0.1,0.1,0.1,0.0038369937072213266,0.00039904155689587576,0.0,0.0
0.3532549858093262,0.01715397834777832,0.1,0.1,1.251,balanced,-1,0.01000001,"{'SVM__C': 1.251, 'SVM__class_weight': 'balanced', 'SVM__max_iter': -1, 'SVM__tol': 0.01000001}",101,0.1,0.1,0.1,0.1,0.1,0.1,0.1,0.1,0.1,0.1,0.004478055800768308,0.0009774765262471647,0.0,0.0
0.3560468673706055,0.016755437850952147,0.1,0.1,1.251,balanced,-1,0.020000010000000002,"{'SVM__C': 1.251, 'SVM__class_weight': 'balanced', 'SVM__max_iter': -1, 'SVM__tol': 0.020000010000000002}",101,0.1,0.1,0.1,0.1,0.1,0.1,0.1,0.1,0.1,0.1,0.005916993100834252,0.00039868424660418776,0.0,0.0
0.3592386245727539,0.016356468200683594,0.1,0.1,1.251,balanced,-1,0.03000001,"{'SVM__C': 1.251, 'SVM__class_weight': 'balanced', 'SVM__max_iter': -1, 'SVM__tol': 0.03000001}",101,0.1,0.1,0.1,0.1,0.1,0.1,0.1,0.1,0.1,0.1,0.00039887435409171316,0.0004886166205017064,0.0,0.0
0.3628289222717285,0.016156911849975586,0.1,0.1,1.251,balanced,-1,0.04000001,"{'SVM__C': 1.251, 'SVM__class_weight': 'balanced', 'SVM__max_iter': -1, 'SVM__tol': 0.04000001}",101,0.1,0.1,0.1,0.1,0.1,0.1,0.1,0.1,0.1,0.1,0.005441045774689693,0.0007464804309290265,0.0,0.0
0.3670177459716797,0.01595768928527832,0.1,0.1,1.251,balanced,-1,0.050000010000000004,"{'SVM__C': 1.251, 'SVM__class_weight': 'balanced', 'SVM__max_iter': -1, 'SVM__tol': 0.050000010000000004}",101,0.1,0.1,0.1,0.1,0.1,0.1,0.1,0.1,0.1,0.1,0.0037311019502159664,0.0006310526546442042,0.0,0.0
0.36342782974243165,0.015957164764404296,0.1,0.1,1.251,balanced,-1,0.06000001,"{'SVM__C': 1.251, 'SVM__class_weight': 'balanced', 'SVM__max_iter': -1, 'SVM__tol': 0.06000001}",101,0.1,0.1,0.1,0.1,0.1,0.1,0.1,0.1,0.1,0.1,0.004305967528636633,0.0006308264267898935,0.0,0.0
0.36342735290527345,0.016755342483520508,0.1,0.1,1.251,balanced,-1,0.07000001,"{'SVM__C': 1.251, 'SVM__class_weight': 'balanced', 'SVM__max_iter': -1, 'SVM__tol': 0.07000001}",101,0.1,0.1,0.1,0.1,0.1,0.1,0.1,0.1,0.1,0.1,0.00325293184928938,0.00116319461289721,0.0,0.0
0.363626766204834,0.015558528900146484,0.1,0.1,1.251,balanced,-1,0.08000001,"{'SVM__C': 1.251, 'SVM__class_weight': 'balanced', 'SVM__max_iter': -1, 'SVM__tol': 0.08000001}",101,0.1,0.1,0.1,0.1,0.1,0.1,0.1,0.1,0.1,0.1,0.00391905114332119,0.0004882661716547039,0.0,0.0
0.3624295234680176,0.016954946517944335,0.1,0.1,1.251,balanced,-1,0.09000000999999999,"{'SVM__C': 1.251, 'SVM__class_weight': 'balanced', 'SVM__max_iter': -1, 'SVM__tol': 0.09000000999999999}",101,0.1,0.1,0.1,0.1,0.1,0.1,0.1,0.1,0.1,0.1,0.002409863464318823,0.0010927540086666516,0.0,0.0
28.57136912345886,0.0159576416015625,0.7765,0.9686562500000001,1.251,balanced,126,1e-08,"{'SVM__C': 1.251, 'SVM__class_weight': 'balanced', 'SVM__max_iter': 126, 'SVM__tol': 1e-08}",99,0.78,0.96796875,0.776875,0.96859375,0.7825,0.96859375,0.78375,0.965625,0.759375,0.9725,0.18440660033543568,0.0008917501166069268,0.008879400317589001,0.002211034118913611
18.28568434715271,0.01515955924987793,0.7805,0.9670312500000001,1.251,balanced,126,0.01000001,"{'SVM__C': 1.251, 'SVM__class_weight': 'balanced', 'SVM__max_iter': 126, 'SVM__tol': 0.01000001}",88,0.7825,0.96640625,0.78125,0.96703125,0.786875,0.9665625,0.785,0.96375,0.766875,0.97140625,0.7304351386321426,0.0007462389460688074,0.007086518891529194,0.0024705294220065564
12.189192819595338,0.015557861328125,0.785125,0.9635,1.251,balanced,126,0.020000010000000002,"{'SVM__C': 1.251, 'SVM__class_weight': 'balanced', 'SVM__max_iter': 126, 'SVM__tol': 0.020000010000000002}",79,0.790625,0.9615625,0.781875,0.964375,0.784375,0.96390625,0.795625,0.9603125,0.773125,0.96734375,0.9835944736663949,0.0007980347107063049,0.0076892782496148756,0.0024338915598275733
10.258756399154663,0.014960384368896485,0.786375,0.96209375,1.251,balanced,126,0.03000001,"{'SVM__C': 1.251, 'SVM__class_weight': 'balanced', 'SVM__max_iter': 126, 'SVM__tol': 0.03000001}",75,0.789375,0.96109375,0.781875,0.96359375,0.7875,0.963125,0.796875,0.95875,0.77625,0.96390625,0.431609439746268,0.0006303745499038488,0.00697540321415186,0.0019380039667142115
8.951653623580933,0.015359115600585938,0.788875,0.96034375,1.251,balanced,126,0.04000001,"{'SVM__C': 1.251, 'SVM__class_weight': 'balanced', 'SVM__max_iter': 126, 'SVM__tol': 0.04000001}",52,0.791875,0.9603125,0.786875,0.961875,0.7875,0.96140625,0.79875,0.95640625,0.779375,0.96171875,0.29325012187889754,0.001017046235182108,0.006366415789123398,0.0020429948910851404
8.505252599716187,0.015154266357421875,0.790125,0.9588749999999999,1.251,balanced,126,0.050000010000000004,"{'SVM__C': 1.251, 'SVM__class_weight': 'balanced', 'SVM__max_iter': 126, 'SVM__tol': 0.050000010000000004}",40,0.79375,0.95640625,0.786875,0.96171875,0.786875,0.9590625,0.801875,0.95546875,0.78125,0.96171875,0.23281924425163686,0.0007481771579589034,0.007086518891529181,0.002604083331999942
8.292217016220093,0.015159893035888671,0.791,0.95815625,1.251,balanced,126,0.06000001,"{'SVM__C': 1.251, 'SVM__class_weight': 'balanced', 'SVM__max_iter': 126, 'SVM__tol': 0.06000001}",33,0.795,0.9546875,0.786875,0.9615625,0.7875,0.95859375,0.8025,0.9553125,0.783125,0.960625,0.19195937140498293,0.0009773695463602794,0.006921434099953577,0.0027570931250140785
8.010571098327636,0.014760351181030274,0.791375,0.95703125,1.251,balanced,126,0.07000001,"{'SVM__C': 1.251, 'SVM__class_weight': 'balanced', 'SVM__max_iter': 126, 'SVM__tol': 0.07000001}",30,0.79625,0.9546875,0.783125,0.95984375,0.786875,0.95828125,0.80625,0.95390625,0.784375,0.9584375,0.11054252419582825,0.0003990412435060334,0.008744641216196362,0.0023112327608875846
7.812306642532349,0.014954662322998047,0.792,0.9563124999999999,1.251,balanced,126,0.08000001,"{'SVM__C': 1.251, 'SVM__class_weight': 'balanced', 'SVM__max_iter': 126, 'SVM__tol': 0.08000001}",23,0.794375,0.954375,0.781875,0.95984375,0.78625,0.9571875,0.81125,0.951875,0.78625,0.95828125,0.10743996763361506,0.000630995993578858,0.010438809798056494,0.0028480393475161007
7.779588317871093,0.01515960693359375,0.79175,0.9556250000000001,1.251,balanced,126,0.09000000999999999,"{'SVM__C': 1.251, 'SVM__class_weight': 'balanced', 'SVM__max_iter': 126, 'SVM__tol': 0.09000000999999999}",25,0.795,0.95265625,0.78125,0.9590625,0.785625,0.95625,0.810625,0.951875,0.78625,0.95828125,0.10405311619066071,0.0003994706530101515,0.010438809798056494,0.002903056040623401
0.34208407402038576,0.016157102584838868,0.1,0.1,1.501,balanced,-1,1e-08,"{'SVM__C': 1.501, 'SVM__class_weight': 'balanced', 'SVM__max_iter': -1, 'SVM__tol': 1e-08}",101,0.1,0.1,0.1,0.1,0.1,0.1,0.1,0.1,0.1,0.1,0.008151221985765835,0.00039866005901669876,0.0,0.0
0.3570442199707031,0.01715426445007324,0.1,0.1,1.501,balanced,-1,0.01000001,"{'SVM__C': 1.501, 'SVM__class_weight': 'balanced', 'SVM__max_iter': -1, 'SVM__tol': 0.01000001}",101,0.1,0.1,0.1,0.1,0.1,0.1,0.1,0.1,0.1,0.1,0.007301659743854329,0.0007464039037833483,0.0,0.0
0.3590392589569092,0.016356468200683594,0.1,0.1,1.501,balanced,-1,0.020000010000000002,"{'SVM__C': 1.501, 'SVM__class_weight': 'balanced', 'SVM__max_iter': -1, 'SVM__tol': 0.020000010000000002}",101,0.1,0.1,0.1,0.1,0.1,0.1,0.1,0.1,0.1,0.1,0.00829646930547366,0.0010169339289298996,0.0,0.0
0.3644246578216553,0.016156959533691406,0.1,0.1,1.501,balanced,-1,0.03000001,"{'SVM__C': 1.501, 'SVM__class_weight': 'balanced', 'SVM__max_iter': -1, 'SVM__tol': 0.03000001}",101,0.1,0.1,0.1,0.1,0.1,0.1,0.1,0.1,0.1,0.1,0.00514800957802296,0.0007460853803033572,0.0,0.0
0.3670182228088379,0.015757942199707033,0.1,0.1,1.501,balanced,-1,0.04000001,"{'SVM__C': 1.501, 'SVM__class_weight': 'balanced', 'SVM__max_iter': -1, 'SVM__tol': 0.04000001}",101,0.1,0.1,0.1,0.1,0.1,0.1,0.1,0.1,0.1,0.1,0.005462646823605335,0.0007463275485381708,0.0,0.0
0.3650227069854736,0.016356229782104492,0.1,0.1,1.501,balanced,-1,0.050000010000000004,"{'SVM__C': 1.501, 'SVM__class_weight': 'balanced', 'SVM__max_iter': -1, 'SVM__tol': 0.050000010000000004}",101,0.1,0.1,0.1,0.1,0.1,0.1,0.1,0.1,0.1,0.1,0.005606721177487388,0.0004885192613241603,0.0,0.0
0.3614325523376465,0.016556406021118165,0.1,0.1,1.501,balanced,-1,0.06000001,"{'SVM__C': 1.501, 'SVM__class_weight': 'balanced', 'SVM__max_iter': -1, 'SVM__tol': 0.06000001}",101,0.1,0.1,0.1,0.1,0.1,0.1,0.1,0.1,0.1,0.1,0.005069872481604669,0.000797701259630962,0.0,0.0
0.36522231101989744,0.016955184936523437,0.1,0.1,1.501,balanced,-1,0.07000001,"{'SVM__C': 1.501, 'SVM__class_weight': 'balanced', 'SVM__max_iter': -1, 'SVM__tol': 0.07000001}",101,0.1,0.1,0.1,0.1,0.1,0.1,0.1,0.1,0.1,0.1,0.006892547559285295,0.0008923366204089447,0.0,0.0
0.36582083702087403,0.01735377311706543,0.1,0.1,1.501,balanced,-1,0.08000001,"{'SVM__C': 1.501, 'SVM__class_weight': 'balanced', 'SVM__max_iter': -1, 'SVM__tol': 0.08000001}",101,0.1,0.1,0.1,0.1,0.1,0.1,0.1,0.1,0.1,0.1,0.007736019618046971,0.0020534469838564035,0.0,0.0
0.3628291130065918,0.016955137252807617,0.1,0.1,1.501,balanced,-1,0.09000000999999999,"{'SVM__C': 1.501, 'SVM__class_weight': 'balanced', 'SVM__max_iter': -1, 'SVM__tol': 0.09000000999999999}",101,0.1,0.1,0.1,0.1,0.1,0.1,0.1,0.1,0.1,0.1,0.004942536910649032,0.0008922832316355045,0.0,0.0
28.901486110687255,0.016157054901123048,0.776875,0.9690625,1.501,balanced,126,1e-08,"{'SVM__C': 1.501, 'SVM__class_weight': 'balanced', 'SVM__max_iter': 126, 'SVM__tol': 1e-08}",98,0.78125,0.9671875,0.78,0.9678125,0.783125,0.97046875,0.78,0.9665625,0.76,0.97328125,0.34500032326467645,0.001163211087283741,0.008514693182963195,0.0024941337424043675
18.441467189788817,0.015359258651733399,0.7795,0.96721875,1.501,balanced,126,0.01000001,"{'SVM__C': 1.501, 'SVM__class_weight': 'balanced', 'SVM__max_iter': 126, 'SVM__tol': 0.01000001}",91,0.781875,0.96625,0.781875,0.9665625,0.785,0.96703125,0.785625,0.96421875,0.763125,0.97203125,1.4704289359457918,0.0004882468503889734,0.008332916656249464,0.002590924666021764
11.196852970123292,0.015752458572387697,0.7835,0.9633749999999999,1.501,balanced,126,0.020000010000000002,"{'SVM__C': 1.501, 'SVM__class_weight': 'balanced', 'SVM__max_iter': 126, 'SVM__tol': 0.020000010000000002}",83,0.7875,0.960625,0.78,0.9625,0.78625,0.9646875,0.789375,0.961875,0.774375,0.9671875,1.0055274852633587,0.0007519889586569881,0.005542449819348833,0.002316719124106331
9.694466352462769,0.01635608673095703,0.78525,0.9621875,1.501,balanced,126,0.03000001,"{'SVM__C': 1.501, 'SVM__class_weight': 'balanced', 'SVM__max_iter': 126, 'SVM__tol': 0.03000001}",78,0.78875,0.9590625,0.779375,0.961875,0.79,0.96296875,0.79,0.9609375,0.778125,0.96609375,0.2279496507839438,0.0007975819345846184,0.005341465154805384,0.0023364469553148253
9.101851415634155,0.01495981216430664,0.786875,0.9608437500000001,1.501,balanced,126,0.04000001,"{'SVM__C': 1.501, 'SVM__class_weight': 'balanced', 'SVM__max_iter': 126, 'SVM__tol': 0.04000001}",71,0.793125,0.9584375,0.780625,0.960625,0.7875,0.961875,0.79375,0.95890625,0.779375,0.964375,0.184175316259822,4.264961199760036e-07,0.006033759193073555,0.0021505813167606506
8.648863220214844,0.014760637283325195,0.788,0.95975,1.501,balanced,126,0.050000010000000004,"{'SVM__C': 1.501, 'SVM__class_weight': 'balanced', 'SVM__max_iter': 126, 'SVM__tol': 0.050000010000000004}",60,0.7925,0.958125,0.783125,0.9603125,0.78875,0.96046875,0.795,0.9571875,0.780625,0.96265625,0.12179880998558482,0.0007462637202336617,0.005440013786747245,0.0019228275078643994
8.359636688232422,0.014960050582885742,0.78875,0.9585625,1.501,balanced,126,0.06000001,"{'SVM__C': 1.501, 'SVM__class_weight': 'balanced', 'SVM__max_iter': 126, 'SVM__tol': 0.06000001}",53,0.790625,0.95765625,0.7825,0.96,0.78875,0.95984375,0.798125,0.95609375,0.78375,0.95921875,0.2881399976386654,5.001110306597479e-07,0.005576177005798873,0.0014869221566712965
8.089758825302123,0.014960193634033203,0.789875,0.95740625,1.501,balanced,126,0.07000001,"{'SVM__C': 1.501, 'SVM__class_weight': 'balanced', 'SVM__max_iter': 126, 'SVM__tol': 0.07000001}",43,0.791875,0.9578125,0.783125,0.959375,0.79,0.95796875,0.80125,0.9559375,0.783125,0.9559375,0.24908284920100415,0.0008916437373868283,0.0067012125768401275,0.001316956719106588
7.835245656967163,0.01475529670715332,0.789625,0.9561875000000001,1.501,balanced,126,0.08000001,"{'SVM__C': 1.501, 'SVM__class_weight': 'balanced', 'SVM__max_iter': 126, 'SVM__tol': 0.08000001}",48,0.793125,0.95515625,0.7825,0.95921875,0.786875,0.95515625,0.80125,0.9559375,0.784375,0.95546875,0.4287928038408269,0.0009815219516101205,0.006830538046157128,0.0015423703349066282
7.720346927642822,0.014960384368896485,0.78975,0.9556250000000001,1.501,balanced,126,0.09000000999999999,"{'SVM__C': 1.501, 'SVM__class_weight': 'balanced', 'SVM__max_iter': 126, 'SVM__tol': 0.09000000999999999}",45,0.790625,0.955,0.780625,0.9590625,0.79,0.95359375,0.80375,0.955,0.78375,0.95546875,0.43141278418049556,2.431401974483864e-07,0.007951021946894619,0.0018301938080433073
0.3418848514556885,0.015358781814575196,0.1,0.1,1.751,balanced,-1,1e-08,"{'SVM__C': 1.751, 'SVM__class_weight': 'balanced', 'SVM__max_iter': -1, 'SVM__tol': 1e-08}",101,0.1,0.1,0.1,0.1,0.1,0.1,0.1,0.1,0.1,0.1,0.008974559054628689,0.0004892209025003975,0.0,0.0
0.35245742797851565,0.01715364456176758,0.1,0.1,1.751,balanced,-1,0.01000001,"{'SVM__C': 1.751, 'SVM__class_weight': 'balanced', 'SVM__max_iter': -1, 'SVM__tol': 0.01000001}",101,0.1,0.1,0.1,0.1,0.1,0.1,0.1,0.1,0.1,0.1,0.004486925067461941,0.0011630887064195921,0.0,0.0
0.3622304439544678,0.01595749855041504,0.1,0.1,1.751,balanced,-1,0.020000010000000002,"{'SVM__C': 1.751, 'SVM__class_weight': 'balanced', 'SVM__max_iter': -1, 'SVM__tol': 0.020000010000000002}",101,0.1,0.1,0.1,0.1,0.1,0.1,0.1,0.1,0.1,0.1,0.005179006280744224,0.0006305251405953949,0.0,0.0
0.36322808265686035,0.015758466720581055,0.1,0.1,1.751,balanced,-1,0.03000001,"{'SVM__C': 1.751, 'SVM__class_weight': 'balanced', 'SVM__max_iter': -1, 'SVM__tol': 0.03000001}",101,0.1,0.1,0.1,0.1,0.1,0.1,0.1,0.1,0.1,0.1,0.005896929121460972,0.0007461491019719018,0.0,0.0
0.3620312690734863,0.016755437850952147,0.1,0.1,1.751,balanced,-1,0.04000001,"{'SVM__C': 1.751, 'SVM__class_weight': 'balanced', 'SVM__max_iter': -1, 'SVM__tol': 0.04000001}",101,0.1,0.1,0.1,0.1,0.1,0.1,0.1,0.1,0.1,0.1,0.004136237476355057,0.0017157174763988952,0.0,0.0
0.36322822570800783,0.01735343933105469,0.1,0.1,1.751,balanced,-1,0.050000010000000004,"{'SVM__C': 1.751, 'SVM__class_weight': 'balanced', 'SVM__max_iter': -1, 'SVM__tol': 0.050000010000000004}",101,0.1,0.1,0.1,0.1,0.1,0.1,0.1,0.1,0.1,0.1,0.003301609273849622,0.0010166909005656101,0.0,0.0
0.36382641792297366,0.016156959533691406,0.1,0.1,1.751,balanced,-1,0.06000001,"{'SVM__C': 1.751, 'SVM__class_weight': 'balanced', 'SVM__max_iter': -1, 'SVM__tol': 0.06000001}",101,0.1,0.1,0.1,0.1,0.1,0.1,0.1,0.1,0.1,0.1,0.004694816825369937,0.0007461490105530332,0.0,0.0
0.3614323616027832,0.01695542335510254,0.1,0.1,1.751,balanced,-1,0.07000001,"{'SVM__C': 1.751, 'SVM__class_weight': 'balanced', 'SVM__max_iter': -1, 'SVM__tol': 0.07000001}",101,0.1,0.1,0.1,0.1,0.1,0.1,0.1,0.1,0.1,0.1,0.0018498793316663116,0.0008921236272439971,0.0,0.0
0.36063442230224607,0.017154550552368163,0.1,0.1,1.751,balanced,-1,0.08000001,"{'SVM__C': 1.751, 'SVM__class_weight': 'balanced', 'SVM__max_iter': -1, 'SVM__tol': 0.08000001}",101,0.1,0.1,0.1,0.1,0.1,0.1,0.1,0.1,0.1,0.1,0.0025698787485263328,0.0014655772514132162,0.0,0.0
0.3594379425048828,0.01715426445007324,0.1,0.1,1.751,balanced,-1,0.09000000999999999,"{'SVM__C': 1.751, 'SVM__class_weight': 'balanced', 'SVM__max_iter': -1, 'SVM__tol': 0.09000000999999999}",101,0.1,0.1,0.1,0.1,0.1,0.1,0.1,0.1,0.1,0.1,0.002491484509679262,0.001163227397243884,0.0,0.0
28.63440008163452,0.014760780334472656,0.77725,0.96875,1.751,balanced,126,1e-08,"{'SVM__C': 1.751, 'SVM__class_weight': 'balanced', 'SVM__max_iter': 126, 'SVM__tol': 1e-08}",96,0.781875,0.9671875,0.7775,0.96640625,0.784375,0.970625,0.7825,0.9659375,0.76,0.97359375,0.6228102004447186,0.00039913663940469545,0.008914524664837716,0.0029265086921107936
19.738597059249877,0.015159368515014648,0.78025,0.9672812499999999,1.751,balanced,126,0.01000001,"{'SVM__C': 1.751, 'SVM__class_weight': 'balanced', 'SVM__max_iter': 126, 'SVM__tol': 0.01000001}",90,0.7825,0.96640625,0.779375,0.9653125,0.785625,0.96796875,0.78875,0.9646875,0.765,0.97203125,1.5054566477597742,0.0009766979049150898,0.00824052486192474,0.0026231392214291606
12.352160882949828,0.015753555297851562,0.7845,0.9635,1.751,balanced,126,0.020000010000000002,"{'SVM__C': 1.751, 'SVM__class_weight': 'balanced', 'SVM__max_iter': 126, 'SVM__tol': 0.020000010000000002}",81,0.786875,0.96265625,0.78125,0.9621875,0.781875,0.96515625,0.79625,0.96078125,0.77625,0.96671875,1.1227990710577103,0.002633647554129425,0.006770801281975427,0.0021414802123764683
9.793799591064452,0.014761018753051757,0.787375,0.9610624999999999,1.751,balanced,126,0.03000001,"{'SVM__C': 1.751, 'SVM__class_weight': 'balanced', 'SVM__max_iter': 126, 'SVM__tol': 0.03000001}",66,0.788125,0.96,0.7825,0.96046875,0.788125,0.96265625,0.79875,0.95828125,0.779375,0.96390625,0.6565787555033632,0.0007462382300402532,0.006607287643201234,0.001992172181313654
9.125189018249511,0.015558385848999023,0.787375,0.9601875,1.751,balanced,126,0.04000001,"{'SVM__C': 1.751, 'SVM__class_weight': 'balanced', 'SVM__max_iter': 126, 'SVM__tol': 0.04000001}",66,0.7875,0.9596875,0.78125,0.95953125,0.7875,0.96171875,0.8,0.9575,0.780625,0.9625,0.31002542941158073,0.0011973063393697222,0.0069641941385920735,0.0017661088938680943
8.578052711486816,0.014362049102783204,0.788,0.9589062500000001,1.751,balanced,126,0.050000010000000004,"{'SVM__C': 1.751, 'SVM__class_weight': 'balanced', 'SVM__max_iter': 126, 'SVM__tol': 0.050000010000000004}",60,0.788125,0.9584375,0.780625,0.95921875,0.785625,0.960625,0.8025,0.9559375,0.783125,0.9603125,0.21462346564463258,0.000488655996127481,0.0076689308250889815,0.0016770509831248335
8.337296485900879,0.015758180618286134,0.78825,0.95803125,1.751,balanced,126,0.06000001,"{'SVM__C': 1.751, 'SVM__class_weight': 'balanced', 'SVM__max_iter': 126, 'SVM__tol': 0.06000001}",57,0.786875,0.9575,0.781875,0.95921875,0.784375,0.95984375,0.8025,0.95515625,0.785625,0.9584375,0.21588470320657788,0.0007461364281625393,0.0073143694191638905,0.0016375715633217256
8.087166023254394,0.014760398864746093,0.787625,0.9572812500000001,1.751,balanced,126,0.07000001,"{'SVM__C': 1.751, 'SVM__class_weight': 'balanced', 'SVM__max_iter': 126, 'SVM__tol': 0.07000001}",63,0.78625,0.95703125,0.778125,0.95796875,0.785625,0.9578125,0.8025,0.955625,0.785625,0.95796875,0.177275123199319,0.0007462637202336617,0.008017558855412292,0.0008981317414500199
7.941959428787231,0.014755582809448243,0.788,0.95665625,1.751,balanced,126,0.08000001,"{'SVM__C': 1.751, 'SVM__class_weight': 'balanced', 'SVM__max_iter': 126, 'SVM__tol': 0.08000001}",60,0.785625,0.95609375,0.776875,0.95828125,0.784375,0.95765625,0.80625,0.9534375,0.786875,0.9578125,0.20064042310559047,0.000752109425565178,0.009766012492312313,0.0017694234583614803
7.787367725372315,0.014760875701904297,0.78875,0.9553125,1.751,balanced,126,0.09000000999999999,"{'SVM__C': 1.751, 'SVM__class_weight': 'balanced', 'SVM__max_iter': 126, 'SVM__tol': 0.09000000999999999}",53,0.786875,0.953125,0.77875,0.95828125,0.78375,0.95640625,0.808125,0.95125,0.78625,0.9575,0.2614468897621564,0.0007468374001394914,0.01010105192541845,0.002686409662542168
0.34607396125793455,0.015758275985717773,0.1,0.1,2.001,balanced,-1,1e-08,"{'SVM__C': 2.001, 'SVM__class_weight': 'balanced', 'SVM__max_iter': -1, 'SVM__tol': 1e-08}",101,0.1,0.1,0.1,0.1,0.1,0.1,0.1,0.1,0.1,0.1,0.00637052677810244,0.00039851703652338813,0.0,0.0
0.36342716217041016,0.017353630065917967,0.1,0.1,2.001,balanced,-1,0.01000001,"{'SVM__C': 2.001, 'SVM__class_weight': 'balanced', 'SVM__max_iter': -1, 'SVM__tol': 0.01000001}",101,0.1,0.1,0.1,0.1,0.1,0.1,0.1,0.1,0.1,0.1,0.004745962652598467,0.0018495348563990128,0.0,0.0
0.3616326808929443,0.016755199432373045,0.1,0.1,2.001,balanced,-1,0.020000010000000002,"{'SVM__C': 2.001, 'SVM__class_weight': 'balanced', 'SVM__max_iter': -1, 'SVM__tol': 0.020000010000000002}",101,0.1,0.1,0.1,0.1,0.1,0.1,0.1,0.1,0.1,0.1,0.004828579028138626,0.0007464421668138576,0.0,0.0
0.3620306491851807,0.016157054901123048,0.1,0.1,2.001,balanced,-1,0.03000001,"{'SVM__C': 2.001, 'SVM__class_weight': 'balanced', 'SVM__max_iter': -1, 'SVM__tol': 0.03000001}",101,0.1,0.1,0.1,0.1,0.1,0.1,0.1,0.1,0.1,0.1,0.007219196274517536,0.0003989221375437896,0.0,0.0
0.35983762741088865,0.01635632514953613,0.1,0.1,2.001,balanced,-1,0.04000001,"{'SVM__C': 2.001, 'SVM__class_weight': 'balanced', 'SVM__max_iter': -1, 'SVM__tol': 0.04000001}",101,0.1,0.1,0.1,0.1,0.1,0.1,0.1,0.1,0.1,0.1,0.002778067384154354,0.0007974624918910535,0.0,0.0
0.3630284309387207,0.016156864166259766,0.1,0.1,2.001,balanced,-1,0.050000010000000004,"{'SVM__C': 2.001, 'SVM__class_weight': 'balanced', 'SVM__max_iter': -1, 'SVM__tol': 0.050000010000000004}",101,0.1,0.1,0.1,0.1,0.1,0.1,0.1,0.1,0.1,0.1,0.004324167108929225,0.0003990178468347175,0.0,0.0
0.3614329814910889,0.016356420516967774,0.1,0.1,2.001,balanced,-1,0.06000001,"{'SVM__C': 2.001, 'SVM__class_weight': 'balanced', 'SVM__max_iter': -1, 'SVM__tol': 0.06000001}",101,0.1,0.1,0.1,0.1,0.1,0.1,0.1,0.1,0.1,0.1,0.00761106976851055,0.0004886555773535435,0.0,0.0
0.3666192054748535,0.016954708099365234,0.1,0.1,2.001,balanced,-1,0.07000001,"{'SVM__C': 2.001, 'SVM__class_weight': 'balanced', 'SVM__max_iter': -1, 'SVM__tol': 0.07000001}",101,0.1,0.1,0.1,0.1,0.1,0.1,0.1,0.1,0.1,0.1,0.01136434056605797,0.0015451721444258344,0.0,0.0
0.3622308254241943,0.01595759391784668,0.1,0.1,2.001,balanced,-1,0.08000001,"{'SVM__C': 2.001, 'SVM__class_weight': 'balanced', 'SVM__max_iter': -1, 'SVM__tol': 0.08000001}",101,0.1,0.1,0.1,0.1,0.1,0.1,0.1,0.1,0.1,0.1,0.005584876891271932,0.0006304495594201361,0.0,0.0
0.36043539047241213,0.0159576416015625,0.1,0.1,2.001,balanced,-1,0.09000000999999999,"{'SVM__C': 2.001, 'SVM__class_weight': 'balanced', 'SVM__max_iter': -1, 'SVM__tol': 0.09000000999999999}",101,0.1,0.1,0.1,0.1,0.1,0.1,0.1,0.1,0.1,0.1,0.0028631725763114957,5.7220458984375e-07,0.0,0.0
28.525690698623656,0.014760780334472656,0.777125,0.969375,2.001,balanced,126,1e-08,"{'SVM__C': 2.001, 'SVM__class_weight': 'balanced', 'SVM__max_iter': 126, 'SVM__tol': 1e-08}",97,0.779375,0.96875,0.776875,0.96859375,0.78375,0.9709375,0.780625,0.9665625,0.765,0.97203125,0.4557591201666236,0.0007463659007825845,0.006454165321712781,0.0019187601791260992
18.754629468917848,0.01515946388244629,0.77925,0.9680312499999999,2.001,balanced,126,0.01000001,"{'SVM__C': 2.001, 'SVM__class_weight': 'balanced', 'SVM__max_iter': 126, 'SVM__tol': 0.01000001}",92,0.781875,0.9675,0.78,0.9675,0.785,0.9696875,0.786875,0.96453125,0.7625,0.9709375,0.8153317744261334,0.0009773110034830886,0.008708831724175197,0.002191068517869784
11.555288505554199,0.015558576583862305,0.783375,0.96409375,2.001,balanced,126,0.020000010000000002,"{'SVM__C': 2.001, 'SVM__class_weight': 'balanced', 'SVM__max_iter': 126, 'SVM__tol': 0.020000010000000002}",84,0.78625,0.9621875,0.77625,0.96375,0.78875,0.96515625,0.793125,0.961875,0.7725,0.9675,1.1798027264775892,0.0013528172429432472,0.007762087348130008,0.0020691181696558675
9.95257534980774,0.014760255813598633,0.784375,0.96290625,2.001,balanced,126,0.03000001,"{'SVM__C': 2.001, 'SVM__class_weight': 'balanced', 'SVM__max_iter': 126, 'SVM__tol': 0.03000001}",82,0.7875,0.9609375,0.78125,0.96328125,0.7875,0.9628125,0.7925,0.96078125,0.773125,0.96671875,0.3526646507188376,0.000746162122951694,0.006661456297237122,0.0021483096552871307
9.132968044281006,0.014561796188354492,0.78625,0.9620625,2.001,balanced,126,0.04000001,"{'SVM__C': 2.001, 'SVM__class_weight': 'balanced', 'SVM__max_iter': 126, 'SVM__tol': 0.04000001}",76,0.78875,0.9590625,0.78,0.9628125,0.79125,0.9625,0.79625,0.959375,0.775,0.9665625,0.26211953319850934,0.0004884414950071202,0.007705517503711211,0.002728609994117875
8.719075584411621,0.01575770378112793,0.787125,0.9605,2.001,balanced,126,0.050000010000000004,"{'SVM__C': 2.001, 'SVM__class_weight': 'balanced', 'SVM__max_iter': 126, 'SVM__tol': 0.050000010000000004}",69,0.79,0.95796875,0.78125,0.9609375,0.78875,0.96046875,0.796875,0.95859375,0.77875,0.96453125,0.21010259782755147,0.0007463912647636183,0.006490377492873572,0.0023014940799402175
8.565286636352539,0.014362001419067382,0.787375,0.960125,2.001,balanced,126,0.06000001,"{'SVM__C': 2.001, 'SVM__class_weight': 'balanced', 'SVM__max_iter': 126, 'SVM__tol': 0.06000001}",66,0.79,0.95796875,0.781875,0.96078125,0.78875,0.95984375,0.795625,0.9584375,0.780625,0.96359375,0.16546990443085166,0.0004883052682184794,0.0055255090263250945,0.0020019521722558654
8.322142601013184,0.015154123306274414,0.787625,0.9590937500000001,2.001,balanced,126,0.07000001,"{'SVM__C': 2.001, 'SVM__class_weight': 'balanced', 'SVM__max_iter': 126, 'SVM__tol': 0.07000001}",63,0.79,0.95578125,0.78,0.96046875,0.79,0.95984375,0.795625,0.9578125,0.7825,0.9615625,0.19621012078907502,0.00040163017561350425,0.0056513272777286684,0.00205728507382909
8.090962409973145,0.014953184127807616,0.78825,0.95790625,2.001,balanced,126,0.08000001,"{'SVM__C': 2.001, 'SVM__class_weight': 'balanced', 'SVM__max_iter': 126, 'SVM__tol': 0.08000001}",57,0.79125,0.9559375,0.77875,0.96,0.790625,0.9571875,0.799375,0.95609375,0.78125,0.9603125,0.1614714408895802,0.0010924081141611536,0.007451929280394412,0.0018895270572288775
7.959507083892822,0.01575784683227539,0.78975,0.95709375,2.001,balanced,126,0.09000000999999999,"{'SVM__C': 2.001, 'SVM__class_weight': 'balanced', 'SVM__max_iter': 126, 'SVM__tol': 0.09000000999999999}",45,0.794375,0.9534375,0.78,0.9596875,0.78875,0.956875,0.804375,0.95546875,0.78125,0.96,0.19556028724951252,0.0009776809181393296,0.008984361413033189,0.002499218627891511
0.3378955841064453,0.0159576416015625,0.1,0.1,2.251,balanced,-1,1e-08,"{'SVM__C': 2.251, 'SVM__class_weight': 'balanced', 'SVM__max_iter': -1, 'SVM__tol': 1e-08}",101,0.1,0.1,0.1,0.1,0.1,0.1,0.1,0.1,0.1,0.1,0.0068342220636512475,0.0006306004999773662,0.0,0.0
0.35684547424316404,0.016555643081665038,0.1,0.1,2.251,balanced,-1,0.01000001,"{'SVM__C': 2.251, 'SVM__class_weight': 'balanced', 'SVM__max_iter': -1, 'SVM__tol': 0.01000001}",101,0.1,0.1,0.1,0.1,0.1,0.1,0.1,0.1,0.1,0.1,0.007838434685242509,0.0004885975318134296,0.0,0.0
0.3590389251708984,0.016156864166259766,0.1,0.1,2.251,balanced,-1,0.020000010000000002,"{'SVM__C': 2.251, 'SVM__class_weight': 'balanced', 'SVM__max_iter': -1, 'SVM__tol': 0.020000010000000002}",101,0.1,0.1,0.1,0.1,0.1,0.1,0.1,0.1,0.1,0.1,0.007516544154660437,0.0011629983546699945,0.0,0.0
0.3622309684753418,0.018750095367431642,0.1,0.1,2.251,balanced,-1,0.03000001,"{'SVM__C': 2.251, 'SVM__class_weight': 'balanced', 'SVM__max_iter': -1, 'SVM__tol': 0.03000001}",101,0.1,0.1,0.1,0.1,0.1,0.1,0.1,0.1,0.1,0.1,0.0013229594904536415,0.00380532559118066,0.0,0.0
0.36382603645324707,0.0159576416015625,0.1,0.1,2.251,balanced,-1,0.04000001,"{'SVM__C': 2.251, 'SVM__class_weight': 'balanced', 'SVM__max_iter': -1, 'SVM__tol': 0.04000001}",101,0.1,0.1,0.1,0.1,0.1,0.1,0.1,0.1,0.1,0.1,0.004902390266707493,0.0006306756736979508,0.0,0.0
0.3652224063873291,0.016356515884399413,0.1,0.1,2.251,balanced,-1,0.050000010000000004,"{'SVM__C': 2.251, 'SVM__class_weight': 'balanced', 'SVM__max_iter': -1, 'SVM__tol': 0.050000010000000004}",101,0.1,0.1,0.1,0.1,0.1,0.1,0.1,0.1,0.1,0.1,0.0064145518394189485,0.0004883829957038617,0.0,0.0
0.3598371982574463,0.016556453704833985,0.1,0.1,2.251,balanced,-1,0.06000001,"{'SVM__C': 2.251, 'SVM__class_weight': 'balanced', 'SVM__max_iter': -1, 'SVM__tol': 0.06000001}",101,0.1,0.1,0.1,0.1,0.1,0.1,0.1,0.1,0.1,0.1,0.002778361748123616,0.0013532673111213494,0.0,0.0
0.36661906242370607,0.01595759391784668,0.1,0.1,2.251,balanced,-1,0.07000001,"{'SVM__C': 2.251, 'SVM__class_weight': 'balanced', 'SVM__max_iter': -1, 'SVM__tol': 0.07000001}",101,0.1,0.1,0.1,0.1,0.1,0.1,0.1,0.1,0.1,0.1,0.007069164210628085,0.0010922753399177417,0.0,0.0
0.3650224685668945,0.01615762710571289,0.1,0.1,2.251,balanced,-1,0.08000001,"{'SVM__C': 2.251, 'SVM__class_weight': 'balanced', 'SVM__max_iter': -1, 'SVM__tol': 0.08000001}",101,0.1,0.1,0.1,0.1,0.1,0.1,0.1,0.1,0.1,0.1,0.003677749531779245,0.0003985169224134821,0.0,0.0
0.3668184280395508,0.015758371353149413,0.1,0.1,2.251,balanced,-1,0.09000000999999999,"{'SVM__C': 2.251, 'SVM__class_weight': 'balanced', 'SVM__max_iter': -1, 'SVM__tol': 0.09000000999999999}",101,0.1,0.1,0.1,0.1,0.1,0.1,0.1,0.1,0.1,0.1,0.004902254468337981,0.0007461872409468769,0.0,0.0
28.387461137771606,0.01595754623413086,0.7755,0.969125,2.251,balanced,126,1e-08,"{'SVM__C': 2.251, 'SVM__class_weight': 'balanced', 'SVM__max_iter': 126, 'SVM__tol': 1e-08}",100,0.783125,0.96734375,0.774375,0.96828125,0.784375,0.9709375,0.775,0.9671875,0.760625,0.971875,0.6278214594505068,0.0015452952019336234,0.00848159772684369,0.0019228275078644252
18.15283932685852,0.015558481216430664,0.778375,0.9672812499999999,2.251,balanced,126,0.01000001,"{'SVM__C': 2.251, 'SVM__class_weight': 'balanced', 'SVM__max_iter': 126, 'SVM__tol': 0.01000001}",94,0.781875,0.9665625,0.775625,0.96734375,0.7875,0.96765625,0.785625,0.964375,0.76125,0.97046875,2.4867304199059834,0.0007976891084484325,0.009475296829123616,0.001963037346817429
11.17809762954712,0.014760828018188477,0.78275,0.9640625,2.251,balanced,126,0.020000010000000002,"{'SVM__C': 2.251, 'SVM__class_weight': 'balanced', 'SVM__max_iter': 126, 'SVM__tol': 0.020000010000000002}",85,0.788125,0.961875,0.776875,0.964375,0.78875,0.965625,0.78875,0.9625,0.77125,0.9659375,1.0998894249136175,0.0007457413111646462,0.007316505313330933,0.0016298006013006402
10.060686254501343,0.01515955924987793,0.785,0.9629687499999999,2.251,balanced,126,0.03000001,"{'SVM__C': 2.251, 'SVM__class_weight': 'balanced', 'SVM__max_iter': 126, 'SVM__tol': 0.03000001}",80,0.7875,0.960625,0.779375,0.964375,0.788125,0.96453125,0.7925,0.9615625,0.7775,0.96375,0.9049738547448182,0.0007466843350481853,0.005659615711335875,0.0015811388300841932
9.339416122436523,0.014959907531738282,0.786625,0.9621875000000001,2.251,balanced,126,0.04000001,"{'SVM__C': 2.251, 'SVM__class_weight': 'balanced', 'SVM__max_iter': 126, 'SVM__tol': 0.04000001}",73,0.7875,0.95984375,0.78,0.96453125,0.78875,0.9628125,0.798125,0.96015625,0.77875,0.96359375,0.3990362972256167,0.0006312036238892217,0.006977642868476402,0.0018697844127064296
8.891219758987427,0.014556074142456054,0.787125,0.961125,2.251,balanced,126,0.050000010000000004,"{'SVM__C': 2.251, 'SVM__class_weight': 'balanced', 'SVM__max_iter': 126, 'SVM__tol': 0.050000010000000004}",69,0.788125,0.95875,0.778125,0.96296875,0.78875,0.9621875,0.799375,0.959375,0.78125,0.96234375,0.4631370538125522,0.0007952701303501875,0.007337830060719575,0.0017156221539138706
8.363032913208007,0.014556026458740235,0.78825,0.9602187499999999,2.251,balanced,126,0.06000001,"{'SVM__C': 2.251, 'SVM__class_weight': 'balanced', 'SVM__max_iter': 126, 'SVM__tol': 0.06000001}",57,0.7875,0.959375,0.778125,0.96265625,0.791875,0.9584375,0.80125,0.95921875,0.7825,0.96140625,0.09393577347997126,0.0004955826784414498,0.007978486698616496,0.0015643738763479675
8.085570192337036,0.015159320831298829,0.789375,0.95940625,2.251,balanced,126,0.07000001,"{'SVM__C': 2.251, 'SVM__class_weight': 'balanced', 'SVM__max_iter': 126, 'SVM__tol': 0.07000001}",49,0.789375,0.95875,0.778125,0.96234375,0.791875,0.95828125,0.80125,0.95875,0.78625,0.95890625,0.30257473186174716,0.000746365870318481,0.0075311851656960525,0.0014836346838086817
7.80173511505127,0.014954423904418946,0.790375,0.95753125,2.251,balanced,126,0.08000001,"{'SVM__C': 2.251, 'SVM__class_weight': 'balanced', 'SVM__max_iter': 126, 'SVM__tol': 0.08000001}",37,0.78875,0.9571875,0.78125,0.9609375,0.7925,0.95515625,0.80375,0.95625,0.785625,0.958125,0.20209467660386943,0.0006306944783460422,0.007640353394968049,0.001967509529837135
7.589098405838013,0.015957450866699217,0.79075,0.9568125000000001,2.251,balanced,126,0.09000000999999999,"{'SVM__C': 2.251, 'SVM__class_weight': 'balanced', 'SVM__max_iter': 126, 'SVM__tol': 0.09000000999999999}",35,0.79125,0.9571875,0.78,0.95921875,0.79375,0.95375,0.803125,0.95578125,0.785625,0.958125,0.25662071699606687,0.0006306756592769933,0.007800240380911327,0.0019024039069030561
