mean_fit_time,mean_score_time,mean_test_score,mean_train_score,param_MLP__activation,param_MLP__alpha,param_MLP__hidden_layer_sizes,params,rank_test_score,split0_test_score,split0_train_score,split1_test_score,split1_train_score,split2_test_score,split2_train_score,split3_test_score,split3_train_score,split4_test_score,split4_train_score,std_fit_time,std_score_time,std_test_score,std_train_score
12.200162315368653,0.04727382659912109,0.805125,0.82509375,relu,10.0,"(784,)","{'MLP__activation': 'relu', 'MLP__alpha': 10.0, 'MLP__hidden_layer_sizes': (784,)}",221,0.799375,0.82671875,0.815,0.821875,0.8075,0.82828125,0.7875,0.81859375,0.81625,0.83,1.0886031519496269,0.004486666392919763,0.010682930309610757,0.0042304236637717265
7.728125667572021,0.03351063728332519,0.812125,0.8304375,relu,10.0,"(392,)","{'MLP__activation': 'relu', 'MLP__alpha': 10.0, 'MLP__hidden_layer_sizes': (392,)}",217,0.80625,0.83484375,0.799375,0.82046875,0.8125,0.82359375,0.818125,0.8328125,0.824375,0.84046875,0.7593137182742983,0.001353196892818946,0.008755355503918733,0.007374205465675606
20.434932708740234,0.06243319511413574,0.81275,0.82446875,relu,10.0,"(1568,)","{'MLP__activation': 'relu', 'MLP__alpha': 10.0, 'MLP__hidden_layer_sizes': (1568,)}",216,0.803125,0.82,0.81375,0.82265625,0.818125,0.8228125,0.81375,0.82421875,0.815,0.83265625,4.25055135580564,0.0034891694768165774,0.0050713656937751974,0.004314990223048031
41.67950000762939,0.07280507087707519,0.800375,0.8111875,relu,10.0,"(784, 784)","{'MLP__activation': 'relu', 'MLP__alpha': 10.0, 'MLP__hidden_layer_sizes': (784, 784)}",222,0.805,0.81375,0.7925,0.80828125,0.8,0.8125,0.8,0.81015625,0.804375,0.81125,5.188486370175317,0.002274184226184905,0.004465142774872944,0.0018869411424313216
14.330064487457275,0.042287158966064456,0.799875,0.814625,relu,10.0,"(392, 392)","{'MLP__activation': 'relu', 'MLP__alpha': 10.0, 'MLP__hidden_layer_sizes': (392, 392)}",224,0.79125,0.80828125,0.80125,0.8190625,0.804375,0.81921875,0.79375,0.808125,0.80875,0.8184375,2.219852366798802,0.0007979632332204613,0.006523994175349936,0.005250186008609626
122.89523396492004,0.14281816482543946,0.8,0.81053125,relu,10.0,"(1568, 1568)","{'MLP__activation': 'relu', 'MLP__alpha': 10.0, 'MLP__hidden_layer_sizes': (1568, 1568)}",223,0.80375,0.81125,0.80625,0.80828125,0.79625,0.8146875,0.784375,0.80578125,0.809375,0.81265625,44.0589744430638,0.0017156842112370351,0.008935533000330733,0.0031601152075517802
65.31327538490295,0.10292463302612305,0.789875,0.8043437499999999,relu,10.0,"(784, 784, 784)","{'MLP__activation': 'relu', 'MLP__alpha': 10.0, 'MLP__hidden_layer_sizes': (784, 784, 784)}",228,0.77625,0.79578125,0.79125,0.813125,0.79375,0.808125,0.79625,0.8046875,0.791875,0.8,8.12951552317827,0.00697834164301521,0.007031180555212616,0.006061533428102155
31.344547271728516,0.051861572265625,0.798,0.8086874999999999,relu,10.0,"(392, 392, 392)","{'MLP__activation': 'relu', 'MLP__alpha': 10.0, 'MLP__hidden_layer_sizes': (392, 392, 392)}",225,0.793125,0.8078125,0.7925,0.80796875,0.806875,0.81,0.78875,0.80421875,0.80875,0.8134375,4.458685632801624,0.001092405772585183,0.008171979564340588,0.003017850538876985
247.17492728233339,0.27247142791748047,0.788875,0.8004374999999999,relu,10.0,"(1568, 1568, 1568)","{'MLP__activation': 'relu', 'MLP__alpha': 10.0, 'MLP__hidden_layer_sizes': (1568, 1568, 1568)}",229,0.78375,0.79296875,0.790625,0.80015625,0.7825,0.78859375,0.801875,0.81890625,0.785625,0.8015625,85.19840020144089,0.08916275209351493,0.00706443557547241,0.010377823411004818
15.321013498306275,0.045478200912475585,0.841625,0.8803124999999999,relu,3.1622776601683795,"(784,)","{'MLP__activation': 'relu', 'MLP__alpha': 3.1622776601683795, 'MLP__hidden_layer_sizes': (784,)}",164,0.839375,0.8840625,0.844375,0.87484375,0.8525,0.88953125,0.845,0.8840625,0.826875,0.8690625,2.226208134529417,0.001849627369270315,0.008483439750478574,0.007342752591841838
68.01265392303466,0.051063823699951175,0.844,0.885125,relu,3.1622776601683795,"(392,)","{'MLP__activation': 'relu', 'MLP__alpha': 3.1622776601683795, 'MLP__hidden_layer_sizes': (392,)}",150,0.844375,0.88421875,0.839375,0.87953125,0.851875,0.8953125,0.850625,0.88578125,0.83375,0.88078125,55.58261383327355,0.017484856191392874,0.006819090848492937,0.005571271174516628
24.476719999313353,0.06602315902709961,0.83725,0.869125,relu,3.1622776601683795,"(1568,)","{'MLP__activation': 'relu', 'MLP__alpha': 3.1622776601683795, 'MLP__hidden_layer_sizes': (1568,)}",186,0.8325,0.86546875,0.83625,0.86671875,0.8525,0.8671875,0.831875,0.86796875,0.833125,0.87828125,5.346028232591586,0.0032413768299867207,0.007772145778354913,0.004649428728349331
43.77469515800476,0.08497281074523926,0.833,0.8731249999999999,relu,3.1622776601683795,"(784, 784)","{'MLP__activation': 'relu', 'MLP__alpha': 3.1622776601683795, 'MLP__hidden_layer_sizes': (784, 784)}",198,0.82125,0.87578125,0.838125,0.87296875,0.848125,0.878125,0.82875,0.8703125,0.82875,0.8684375,6.987902266362857,0.01855574972472687,0.009265190230103212,0.0035203093791597415
16.504248094558715,0.05086407661437988,0.84025,0.8813125000000002,relu,3.1622776601683795,"(392, 392)","{'MLP__activation': 'relu', 'MLP__alpha': 3.1622776601683795, 'MLP__hidden_layer_sizes': (392, 392)}",170,0.830625,0.87734375,0.841875,0.8740625,0.84625,0.8865625,0.829375,0.88265625,0.853125,0.8859375,2.8876027963404174,0.009503617542429194,0.009113863066779112,0.004880005443132242
152.56586036682128,0.18829612731933593,0.83575,0.866875,relu,3.1622776601683795,"(1568, 1568)","{'MLP__activation': 'relu', 'MLP__alpha': 3.1622776601683795, 'MLP__hidden_layer_sizes': (1568, 1568)}",191,0.84,0.86375,0.83875,0.86234375,0.835,0.86828125,0.8325,0.86921875,0.8325,0.87078125,62.17059553247563,0.04537274932641659,0.0031224989991991844,0.0032566038675282574
153.80095562934875,0.11768507957458496,0.83625,0.88003125,relu,3.1622776601683795,"(784, 784, 784)","{'MLP__activation': 'relu', 'MLP__alpha': 3.1622776601683795, 'MLP__hidden_layer_sizes': (784, 784, 784)}",188,0.823125,0.875625,0.8375,0.8775,0.845625,0.88875,0.835,0.87890625,0.84,0.879375,105.5673831540084,0.02612193801184516,0.007447734554883106,0.004550497912316873
28.597296905517577,0.05545206069946289,0.8425,0.8916562499999999,relu,3.1622776601683795,"(392, 392, 392)","{'MLP__activation': 'relu', 'MLP__alpha': 3.1622776601683795, 'MLP__hidden_layer_sizes': (392, 392, 392)}",159,0.83625,0.881875,0.8625,0.9075,0.848125,0.893125,0.83625,0.89265625,0.829375,0.883125,5.208206097094719,0.004486838070284711,0.01167930862679809,0.009193875339050438
222.58654227256775,0.21821632385253906,0.831375,0.8676875000000001,relu,3.1622776601683795,"(1568, 1568, 1568)","{'MLP__activation': 'relu', 'MLP__alpha': 3.1622776601683795, 'MLP__hidden_layer_sizes': (1568, 1568, 1568)}",203,0.848125,0.90109375,0.825625,0.85515625,0.85,0.88203125,0.83625,0.86171875,0.796875,0.8384375,106.17433083528718,0.004432943728775615,0.019362495965138376,0.02177127192540669
18.444058561325072,0.04408268928527832,0.85025,0.946375,relu,1.0,"(784,)","{'MLP__activation': 'relu', 'MLP__alpha': 1.0, 'MLP__hidden_layer_sizes': (784,)}",101,0.85,0.944375,0.8675,0.95078125,0.841875,0.9559375,0.84875,0.9434375,0.843125,0.93734375,2.1317026204551994,0.0019342492887001875,0.009173671565954394,0.006403886759226766
11.467721509933472,0.0331118106842041,0.856,0.9583437499999998,relu,1.0,"(392,)","{'MLP__activation': 'relu', 'MLP__alpha': 1.0, 'MLP__hidden_layer_sizes': (392,)}",40,0.85625,0.95703125,0.863125,0.9525,0.845,0.95875,0.8575,0.96734375,0.858125,0.95609375,1.238060452467857,0.0011633581735889904,0.005976516543940981,0.004941651735503
34.697378396987915,0.06223340034484863,0.845875,0.93484375,relu,1.0,"(1568,)","{'MLP__activation': 'relu', 'MLP__alpha': 1.0, 'MLP__hidden_layer_sizes': (1568,)}",142,0.85125,0.9371875,0.833125,0.915,0.853125,0.944375,0.8525,0.9390625,0.839375,0.93859375,4.8667140202671995,0.0007980704926332595,0.008125961481572507,0.010217364202669863
51.964984560012816,0.07160844802856445,0.852,0.9601875,relu,1.0,"(784, 784)","{'MLP__activation': 'relu', 'MLP__alpha': 1.0, 'MLP__hidden_layer_sizes': (784, 784)}",90,0.845,0.949375,0.850625,0.95125,0.86125,0.96125,0.85,0.96484375,0.853125,0.97421875,5.450326899481912,0.0007463912647636183,0.005323884859761711,0.00912660516703775
22.522946882247926,0.043483924865722653,0.853125,0.9645625000000001,relu,1.0,"(392, 392)","{'MLP__activation': 'relu', 'MLP__alpha': 1.0, 'MLP__hidden_layer_sizes': (392, 392)}",70,0.846875,0.94609375,0.85875,0.96296875,0.859375,0.97671875,0.85375,0.976875,0.846875,0.96015625,1.2968219092679596,0.0018498022023350276,0.005462943345853022,0.011510185706581815
144.3616072177887,0.13882875442504883,0.842875,0.94178125,relu,1.0,"(1568, 1568)","{'MLP__activation': 'relu', 'MLP__alpha': 1.0, 'MLP__hidden_layer_sizes': (1568, 1568)}",157,0.846875,0.9396875,0.84125,0.92234375,0.854375,0.961875,0.830625,0.93484375,0.84125,0.95015625,21.44351836442805,0.0038574485867715097,0.007792223687754366,0.013447888426254894
81.53089051246643,0.10232629776000976,0.8535,0.9618125,relu,1.0,"(784, 784, 784)","{'MLP__activation': 'relu', 'MLP__alpha': 1.0, 'MLP__hidden_layer_sizes': (784, 784, 784)}",64,0.8575,0.97703125,0.855,0.9484375,0.855,0.95296875,0.850625,0.9671875,0.849375,0.9634375,14.8898540709126,0.0056274158766403005,0.0030259296092275674,0.010200432742045783
35.93047933578491,0.053856182098388675,0.850375,0.97521875,relu,1.0,"(392, 392, 392)","{'MLP__activation': 'relu', 'MLP__alpha': 1.0, 'MLP__hidden_layer_sizes': (392, 392, 392)}",99,0.8375,0.9640625,0.859375,0.975,0.84375,0.97859375,0.85625,0.98328125,0.855,0.97515625,5.626253905983508,0.0016689243275680402,0.008325412902673341,0.006338899007319792
372.13766741752625,0.2104365348815918,0.8475,0.9573750000000001,relu,1.0,"(1568, 1568, 1568)","{'MLP__activation': 'relu', 'MLP__alpha': 1.0, 'MLP__hidden_layer_sizes': (1568, 1568, 1568)}",128,0.85125,0.97328125,0.84875,0.93234375,0.8375,0.9478125,0.853125,0.9740625,0.846875,0.959375,111.75522890589447,0.008694581668264909,0.005434266279821028,0.01583342242299498
25.831097078323364,0.044082021713256835,0.856625,0.9829374999999999,relu,0.31622776601683794,"(784,)","{'MLP__activation': 'relu', 'MLP__alpha': 0.31622776601683794, 'MLP__hidden_layer_sizes': (784,)}",36,0.858125,0.98078125,0.8625,0.9771875,0.8575,0.9840625,0.85,0.99078125,0.855,0.981875,2.5861610693041355,0.002129575764073612,0.0041003048667142055,0.004508455597541111
15.948135995864869,0.03550519943237305,0.8575,0.9915624999999999,relu,0.31622776601683794,"(392,)","{'MLP__activation': 'relu', 'MLP__alpha': 0.31622776601683794, 'MLP__hidden_layer_sizes': (392,)}",28,0.86,0.983125,0.869375,0.995,0.845,0.9903125,0.856875,0.99765625,0.85625,0.99171875,1.6644855849177402,0.007208512939841274,0.007816249100431752,0.004934136512602781
34.73148717880249,0.062233686447143555,0.85275,0.9825312499999999,relu,0.31622776601683794,"(1568,)","{'MLP__activation': 'relu', 'MLP__alpha': 0.31622776601683794, 'MLP__hidden_layer_sizes': (1568,)}",76,0.85375,0.97375,0.85875,0.985625,0.854375,0.98609375,0.84375,0.9859375,0.853125,0.98125,5.2398405439621145,0.0004888114202290336,0.004914900812834379,0.004745886376642407
60.842635774612425,0.07499918937683106,0.84775,0.9841562500000001,relu,0.31622776601683794,"(784, 784)","{'MLP__activation': 'relu', 'MLP__alpha': 0.31622776601683794, 'MLP__hidden_layer_sizes': (784, 784)}",123,0.863125,0.9896875,0.839375,0.9821875,0.848125,0.99421875,0.846875,0.973125,0.84125,0.9815625,11.908473496257312,0.004432825766318081,0.00836286434183887,0.007268295880053329
23.4652259349823,0.04188838005065918,0.853,0.98925,relu,0.31622776601683794,"(392, 392)","{'MLP__activation': 'relu', 'MLP__alpha': 0.31622776601683794, 'MLP__hidden_layer_sizes': (392, 392)}",73,0.86,0.998125,0.8675,0.98109375,0.849375,0.98953125,0.83375,0.98453125,0.854375,0.99296875,1.9317163520930256,0.00109279771581275,0.011356440903733896,0.0060243645930504715
168.8379294872284,0.14142155647277832,0.843375,0.97090625,relu,0.31622776601683794,"(1568, 1568)","{'MLP__activation': 'relu', 'MLP__alpha': 0.31622776601683794, 'MLP__hidden_layer_sizes': (1568, 1568)}",155,0.854375,0.97890625,0.8375,0.9471875,0.8325,0.971875,0.846875,0.97078125,0.845625,0.98578125,29.102225088060617,0.007006614401562573,0.007630121231015919,0.013029188985696718
91.78964786529541,0.10531735420227051,0.850875,0.9808749999999999,relu,0.31622776601683794,"(784, 784, 784)","{'MLP__activation': 'relu', 'MLP__alpha': 0.31622776601683794, 'MLP__hidden_layer_sizes': (784, 784, 784)}",96,0.845625,0.988125,0.859375,0.98984375,0.845,0.96953125,0.85625,0.98125,0.848125,0.975625,8.923739600862538,0.002719943042809888,0.0058443348637804825,0.0076076903936083285
31.02719602584839,0.05385622978210449,0.839125,0.97215625,relu,0.31622776601683794,"(392, 392, 392)","{'MLP__activation': 'relu', 'MLP__alpha': 0.31622776601683794, 'MLP__hidden_layer_sizes': (392, 392, 392)}",176,0.8525,0.98765625,0.85125,0.99328125,0.8425,0.98328125,0.8425,0.9784375,0.806875,0.918125,3.856292676282742,0.003025447269368952,0.016665833312498955,0.027455823892664388
299.22252731323243,0.21143484115600586,0.848375,0.9745625,relu,0.31622776601683794,"(1568, 1568, 1568)","{'MLP__activation': 'relu', 'MLP__alpha': 0.31622776601683794, 'MLP__hidden_layer_sizes': (1568, 1568, 1568)}",119,0.845,0.97265625,0.84875,0.9684375,0.850625,0.99078125,0.850625,0.98,0.846875,0.9609375,25.214572639875932,0.0065854072353281334,0.002186606960566975,0.01019219600356075
24.02133870124817,0.0458773136138916,0.85325,0.9971875000000001,relu,0.1,"(784,)","{'MLP__activation': 'relu', 'MLP__alpha': 0.1, 'MLP__hidden_layer_sizes': (784,)}",66,0.86,0.99984375,0.856875,0.996875,0.846875,0.99703125,0.851875,0.99953125,0.850625,0.99265625,4.213529082099919,0.005499079834760367,0.004650268809434562,0.0025769410160110355
19.486869192123415,0.03231363296508789,0.858875,0.99809375,relu,0.1,"(392,)","{'MLP__activation': 'relu', 'MLP__alpha': 0.1, 'MLP__hidden_layer_sizes': (392,)}",22,0.86625,0.99984375,0.86375,0.99390625,0.850625,0.9996875,0.855625,0.99765625,0.858125,0.999375,2.2022156211775754,0.000488577679158787,0.005609701418079226,0.002234757397347642
38.61370143890381,0.06343064308166504,0.84925,0.98009375,relu,0.1,"(1568,)","{'MLP__activation': 'relu', 'MLP__alpha': 0.1, 'MLP__hidden_layer_sizes': (1568,)}",111,0.851875,0.9871875,0.861875,0.97484375,0.84125,0.97015625,0.84,0.986875,0.85125,0.98140625,9.802697468128061,0.0013526063606157362,0.007998046636523176,0.006698443149344453
51.23354091644287,0.07200765609741211,0.85025,0.9815312500000001,relu,0.1,"(784, 784)","{'MLP__activation': 'relu', 'MLP__alpha': 0.1, 'MLP__hidden_layer_sizes': (784, 784)}",101,0.8625,0.9965625,0.865,0.9915625,0.841875,0.95921875,0.83625,0.98234375,0.845625,0.97796875,11.56348103434372,0.0014661417102602124,0.011446888223443079,0.012944216251863224
20.077289962768553,0.0424868106842041,0.852125,0.9910625,relu,0.1,"(392, 392)","{'MLP__activation': 'relu', 'MLP__alpha': 0.1, 'MLP__hidden_layer_sizes': (392, 392)}",86,0.86375,0.989375,0.855,0.9978125,0.850625,0.99421875,0.84,0.9953125,0.85125,0.97859375,1.3052213615880028,0.000488538892953226,0.007660776723022298,0.006810349431196604
142.90909285545348,0.14082374572753906,0.847,0.9754687499999999,relu,0.1,"(1568, 1568)","{'MLP__activation': 'relu', 'MLP__alpha': 0.1, 'MLP__hidden_layer_sizes': (1568, 1568)}",134,0.845,0.975,0.850625,0.98078125,0.844375,0.97703125,0.85625,0.9865625,0.83875,0.95796875,26.995827965158824,0.004433027400303832,0.0059608095087831684,0.009593800895630465
95.93376035690308,0.10252556800842286,0.84775,0.98103125,relu,0.1,"(784, 784, 784)","{'MLP__activation': 'relu', 'MLP__alpha': 0.1, 'MLP__hidden_layer_sizes': (784, 784, 784)}",123,0.85125,0.978125,0.86,0.973125,0.848125,0.99328125,0.83625,0.98234375,0.843125,0.97828125,33.34780624356097,0.0074740360768548566,0.007951021946894602,0.006786792090155697
28.38825650215149,0.05325751304626465,0.849125,0.9881875000000001,relu,0.1,"(392, 392, 392)","{'MLP__activation': 'relu', 'MLP__alpha': 0.1, 'MLP__hidden_layer_sizes': (392, 392, 392)}",114,0.84375,0.97921875,0.858125,0.990625,0.8575,0.99296875,0.84625,0.99125,0.84,0.986875,5.975982382148257,0.0023258494775732614,0.007369701486491865,0.00490595142403589
307.276980304718,0.21482534408569337,0.850375,0.9790312499999999,relu,0.1,"(1568, 1568, 1568)","{'MLP__activation': 'relu', 'MLP__alpha': 0.1, 'MLP__hidden_layer_sizes': (1568, 1568, 1568)}",99,0.855625,0.98,0.848125,0.9796875,0.854375,0.97640625,0.851875,0.989375,0.841875,0.9696875,42.18533593418654,0.011641049483097327,0.004962358310319782,0.006364881676040793
34.42410898208618,0.042287445068359374,0.840375,0.9684375000000001,relu,0.03162277660168379,"(784,)","{'MLP__activation': 'relu', 'MLP__alpha': 0.03162277660168379, 'MLP__hidden_layer_sizes': (784,)}",169,0.8325,0.9653125,0.85875,0.9984375,0.865,0.99984375,0.845625,0.98625,0.8,0.89234375,9.06306845232993,0.0004888307377853883,0.023081377775167562,0.04000915422593934
27.621507310867308,0.03610420227050781,0.840125,0.96875,relu,0.03162277660168379,"(392,)","{'MLP__activation': 'relu', 'MLP__alpha': 0.03162277660168379, 'MLP__hidden_layer_sizes': (392,)}",171,0.85375,0.99875,0.845,0.95734375,0.818125,0.95203125,0.826875,0.935625,0.856875,1.0,3.5390430564688873,0.008448632531214561,0.015162659727105936,0.02601325533502102
39.77419695854187,0.06303138732910156,0.854875,0.99159375,relu,0.03162277660168379,"(1568,)","{'MLP__activation': 'relu', 'MLP__alpha': 0.03162277660168379, 'MLP__hidden_layer_sizes': (1568,)}",51,0.860625,0.9990625,0.8675,0.9990625,0.8525,0.99546875,0.825,0.96453125,0.86875,0.99984375,12.484210489205992,0.0026314108784117837,0.01601951934360082,0.013616324646357416
57.239274454116824,0.07839031219482422,0.8505,0.9769062500000001,relu,0.03162277660168379,"(784, 784)","{'MLP__activation': 'relu', 'MLP__alpha': 0.03162277660168379, 'MLP__hidden_layer_sizes': (784, 784)}",98,0.851875,0.98953125,0.851875,0.9525,0.858125,0.96796875,0.836875,0.98140625,0.85375,0.993125,28.07204656038006,0.013179534135232138,0.007185053931599954,0.014954814755623014
27.10907835960388,0.04468050003051758,0.849,0.97446875,relu,0.03162277660168379,"(392, 392)","{'MLP__activation': 'relu', 'MLP__alpha': 0.03162277660168379, 'MLP__hidden_layer_sizes': (392, 392)}",116,0.854375,0.9715625,0.859375,0.9840625,0.856875,0.96546875,0.835625,0.95828125,0.83875,0.99296875,12.12868372866287,0.005139835130544815,0.009823441352194272,0.012536119689720569
113.27656574249268,0.1394270420074463,0.854125,0.9827187499999999,relu,0.03162277660168379,"(1568, 1568)","{'MLP__activation': 'relu', 'MLP__alpha': 0.03162277660168379, 'MLP__hidden_layer_sizes': (1568, 1568)}",59,0.86,0.98890625,0.858125,0.9903125,0.848125,0.9721875,0.853125,0.98921875,0.85125,0.97296875,26.83572463142318,0.0057607076834049085,0.004376785350002901,0.008296624878527416
67.52695388793946,0.10073041915893555,0.853125,0.9869375,relu,0.03162277660168379,"(784, 784, 784)","{'MLP__activation': 'relu', 'MLP__alpha': 0.03162277660168379, 'MLP__hidden_layer_sizes': (784, 784, 784)}",70,0.8475,0.96828125,0.861875,0.99328125,0.849375,0.989375,0.856875,0.9946875,0.85,0.9890625,11.308930084531989,0.002274351569093726,0.005405437077609901,0.00957933566981552
20.656539916992188,0.05644931793212891,0.848625,0.9852187499999999,relu,0.03162277660168379,"(392, 392, 392)","{'MLP__activation': 'relu', 'MLP__alpha': 0.03162277660168379, 'MLP__hidden_layer_sizes': (392, 392, 392)}",118,0.85,0.97078125,0.853125,0.9840625,0.845625,0.99171875,0.8425,0.98828125,0.851875,0.99125,3.5440796760941757,0.004351950027977989,0.003980420832022674,0.0077172949033323624
231.64411134719847,0.2140275001525879,0.85025,0.9847187500000001,relu,0.03162277660168379,"(1568, 1568, 1568)","{'MLP__activation': 'relu', 'MLP__alpha': 0.03162277660168379, 'MLP__hidden_layer_sizes': (1568, 1568, 1568)}",101,0.85875,0.99046875,0.86875,0.9921875,0.849375,0.9809375,0.833125,0.9721875,0.84125,0.9878125,49.02783666825485,0.00779189545692773,0.01256607536186219,0.007345013189232546
55.42851915359497,0.042885875701904295,0.849625,0.9770625000000001,relu,0.01,"(784,)","{'MLP__activation': 'relu', 'MLP__alpha': 0.01, 'MLP__hidden_layer_sizes': (784,)}",109,0.86125,1.0,0.863125,0.9996875,0.82375,0.92796875,0.858125,1.0,0.841875,0.95765625,15.83531348645302,0.0008921235788190947,0.01496140869036068,0.029498973763929473
36.94077658653259,0.03450794219970703,0.850125,0.9864374999999999,relu,0.01,"(392,)","{'MLP__activation': 'relu', 'MLP__alpha': 0.01, 'MLP__hidden_layer_sizes': (392,)}",104,0.84375,0.97953125,0.864375,1.0,0.864375,1.0,0.86,1.0,0.818125,0.95265625,7.71334017962869,0.004574451076667421,0.01771034302321669,0.018658474532367332
78.58197922706604,0.06482701301574707,0.84125,0.9495625000000001,relu,0.01,"(1568,)","{'MLP__activation': 'relu', 'MLP__alpha': 0.01, 'MLP__hidden_layer_sizes': (1568,)}",166,0.83125,0.89828125,0.835,0.92234375,0.8575,0.99875,0.8125,0.9315625,0.87,0.996875,39.46364200904853,0.0038369689342143518,0.02027929979067325,0.04087177452870133
32.115285587310794,0.07300500869750977,0.855625,0.9881249999999999,relu,0.01,"(784, 784)","{'MLP__activation': 'relu', 'MLP__alpha': 0.01, 'MLP__hidden_layer_sizes': (784, 784)}",44,0.85875,0.9878125,0.86,0.98140625,0.853125,0.9903125,0.85,0.99078125,0.85625,0.9903125,6.161416961896217,0.0019341755238019378,0.0036657195746537963,0.0035175342038137915
31.439094638824464,0.04268622398376465,0.85325,0.9774687499999999,relu,0.01,"(392, 392)","{'MLP__activation': 'relu', 'MLP__alpha': 0.01, 'MLP__hidden_layer_sizes': (392, 392)}",66,0.856875,0.98265625,0.87,0.95359375,0.830625,0.96078125,0.850625,0.9946875,0.858125,0.995625,20.51970666365606,0.0013234915504013226,0.012932517156377586,0.01732935776723994
100.0870500087738,0.14441347122192383,0.847375,0.97903125,relu,0.01,"(1568, 1568)","{'MLP__activation': 'relu', 'MLP__alpha': 0.01, 'MLP__hidden_layer_sizes': (1568, 1568)}",129,0.834375,0.96328125,0.85125,0.9809375,0.849375,0.98640625,0.846875,0.97734375,0.855,0.9871875,23.853203136312107,0.005404056120660296,0.007020060541049484,0.008665552312172623
54.99627509117126,0.10172820091247559,0.86075,0.99059375,relu,0.01,"(784, 784, 784)","{'MLP__activation': 'relu', 'MLP__alpha': 0.01, 'MLP__hidden_layer_sizes': (784, 784, 784)}",15,0.865625,0.98578125,0.860625,0.9896875,0.85875,0.989375,0.85875,0.99375,0.86,0.994375,8.765899134437188,0.004039130417783211,0.0025433737436719637,0.003153618952885703
34.91639266014099,0.053656578063964844,0.85525,0.9736874999999999,relu,0.01,"(392, 392, 392)","{'MLP__activation': 'relu', 'MLP__alpha': 0.01, 'MLP__hidden_layer_sizes': (392, 392, 392)}",47,0.84375,0.89140625,0.865625,0.99828125,0.860625,0.9940625,0.85,0.98984375,0.85625,0.99484375,35.677226394865706,0.002917432423020428,0.007711598407593582,0.04122816657031939
198.44971280097963,0.21402716636657715,0.83975,0.9752812499999999,relu,0.01,"(1568, 1568, 1568)","{'MLP__activation': 'relu', 'MLP__alpha': 0.01, 'MLP__hidden_layer_sizes': (1568, 1568, 1568)}",174,0.811875,0.9496875,0.865625,0.986875,0.846875,0.98171875,0.843125,0.98984375,0.83125,0.96828125,33.10058737826174,0.009066487042783422,0.01778166190208327,0.014778111453260856
84.85160717964172,0.04507966041564941,0.835375,0.9418749999999999,relu,0.0031622776601683794,"(784,)","{'MLP__activation': 'relu', 'MLP__alpha': 0.0031622776601683794, 'MLP__hidden_layer_sizes': (784,)}",192,0.836875,0.9559375,0.840625,0.9321875,0.859375,0.99953125,0.835625,0.9503125,0.804375,0.87140625,33.59661063553252,0.0035345626042954303,0.017702400967100494,0.04160019437304348
52.2923086643219,0.033112192153930665,0.847125,0.97625,relu,0.0031622776601683794,"(392,)","{'MLP__activation': 'relu', 'MLP__alpha': 0.0031622776601683794, 'MLP__hidden_layer_sizes': (392,)}",131,0.8325,0.94953125,0.8675,1.0,0.836875,0.94703125,0.85875,1.0,0.84,0.9846875,5.930393850255154,0.001933870608053371,0.013564659966250548,0.02352421458571996
172.14069328308105,0.06323127746582032,0.81775,0.906125,relu,0.0031622776601683794,"(1568,)","{'MLP__activation': 'relu', 'MLP__alpha': 0.0031622776601683794, 'MLP__hidden_layer_sizes': (1568,)}",215,0.80125,0.8778125,0.82125,0.91109375,0.800625,0.88578125,0.830625,0.9328125,0.835,0.923125,5.292261120326926,0.0018498279780247134,0.014429786900713372,0.021172514981102286
40.900783443450926,0.07759256362915039,0.85475,0.992375,relu,0.0031622776601683794,"(784, 784)","{'MLP__activation': 'relu', 'MLP__alpha': 0.0031622776601683794, 'MLP__hidden_layer_sizes': (784, 784)}",54,0.855,0.99015625,0.869375,0.99828125,0.8475,0.99203125,0.85,0.98578125,0.851875,0.995625,9.56910573880141,0.007500308668425394,0.0077115984075935866,0.004335085783464946
47.7574405670166,0.042885112762451175,0.84925,0.96209375,relu,0.0031622776601683794,"(392, 392)","{'MLP__activation': 'relu', 'MLP__alpha': 0.0031622776601683794, 'MLP__hidden_layer_sizes': (392, 392)}",111,0.83625,0.8934375,0.863125,0.99296875,0.855625,0.9871875,0.85375,0.99890625,0.8375,0.93796875,40.9697713907714,0.0015449258307540157,0.01058743358892984,0.04058033602466839
102.60351748466492,0.1384294033050537,0.856,0.99225,relu,0.0031622776601683794,"(1568, 1568)","{'MLP__activation': 'relu', 'MLP__alpha': 0.0031622776601683794, 'MLP__hidden_layer_sizes': (1568, 1568)}",40,0.85625,0.9915625,0.866875,0.995625,0.851875,0.9953125,0.845,0.99109375,0.86,0.98765625,11.404918222264506,0.0030514718346414376,0.007380294709562743,0.0029557280194564594
54.64720892906189,0.1015286922454834,0.85525,0.9853125,relu,0.0031622776601683794,"(784, 784, 784)","{'MLP__activation': 'relu', 'MLP__alpha': 0.0031622776601683794, 'MLP__hidden_layer_sizes': (784, 784, 784)}",47,0.85375,0.9725,0.858125,0.98828125,0.845625,0.984375,0.859375,0.9909375,0.859375,0.99046875,7.4423321665892,0.0025550879117560983,0.005238081709939258,0.006812930032298873
21.505070304870607,0.052060699462890624,0.847,0.984,relu,0.0031622776601683794,"(392, 392, 392)","{'MLP__activation': 'relu', 'MLP__alpha': 0.0031622776601683794, 'MLP__hidden_layer_sizes': (392, 392, 392)}",134,0.848125,0.9765625,0.84,0.97734375,0.850625,0.995,0.84125,0.98578125,0.855,0.9853125,1.9759988629564933,0.0007462637507019352,0.005665134596812318,0.006715915099597385
169.1050145626068,0.20943951606750488,0.838625,0.96971875,relu,0.0031622776601683794,"(1568, 1568, 1568)","{'MLP__activation': 'relu', 'MLP__alpha': 0.0031622776601683794, 'MLP__hidden_layer_sizes': (1568, 1568, 1568)}",177,0.83625,0.976875,0.845,0.97703125,0.85,0.96890625,0.814375,0.9503125,0.8475,0.97546875,28.907876043979858,0.010421771852836003,0.01298075498574718,0.010148987788198395
106.20807495117188,0.04368300437927246,0.862875,0.9995,relu,0.001,"(784,)","{'MLP__activation': 'relu', 'MLP__alpha': 0.001, 'MLP__hidden_layer_sizes': (784,)}",6,0.8675,1.0,0.866875,1.0,0.8575,0.9975,0.86,1.0,0.8625,1.0,43.34886757830215,0.0017155899160195282,0.003864906208435068,0.0009999999999999788
64.60736374855041,0.033311653137207034,0.85225,0.9959687500000001,relu,0.001,"(392,)","{'MLP__activation': 'relu', 'MLP__alpha': 0.001, 'MLP__hidden_layer_sizes': (392,)}",83,0.86125,1.0,0.86375,1.0,0.828125,0.97984375,0.850625,1.0,0.8575,1.0,0.34370547576056626,0.001849159488548194,0.012848881274258862,0.008062499999999993
188.31821570396423,0.06422858238220215,0.834875,0.9471875000000001,relu,0.001,"(1568,)","{'MLP__activation': 'relu', 'MLP__alpha': 0.001, 'MLP__hidden_layer_sizes': (1568,)}",194,0.833125,0.9253125,0.8275,0.94453125,0.85625,0.99734375,0.859375,1.0,0.798125,0.86875,82.03846523753974,0.0024101160143357135,0.02220430701463119,0.04887294193237193
35.191256856918336,0.0751993179321289,0.855,0.989625,relu,0.001,"(784, 784)","{'MLP__activation': 'relu', 'MLP__alpha': 0.001, 'MLP__hidden_layer_sizes': (784, 784)}",49,0.855,0.99703125,0.855,0.9828125,0.863125,0.9896875,0.849375,0.9909375,0.8525,0.98765625,4.684044000371764,0.0017383081002933485,0.004558645632202626,0.004623099271592616
37.280069303512576,0.04368324279785156,0.855625,0.99515625,relu,0.001,"(392, 392)","{'MLP__activation': 'relu', 'MLP__alpha': 0.001, 'MLP__hidden_layer_sizes': (392, 392)}",44,0.85125,1.0,0.865625,0.99375,0.84875,0.98984375,0.855,0.99609375,0.8575,0.99609375,44.74262422187591,0.003645444266773532,0.0058363087649643776,0.003329261836353509
103.2607593536377,0.14042425155639648,0.8525,0.98753125,relu,0.001,"(1568, 1568)","{'MLP__activation': 'relu', 'MLP__alpha': 0.001, 'MLP__hidden_layer_sizes': (1568, 1568)}",81,0.854375,0.98234375,0.859375,0.9875,0.845625,0.99515625,0.84875,0.9859375,0.854375,0.98671875,6.2132376184867795,0.00380568047248023,0.004808846015417847,0.004201236797063451
49.24306616783142,0.10511908531188965,0.85225,0.9834375000000002,relu,0.001,"(784, 784, 784)","{'MLP__activation': 'relu', 'MLP__alpha': 0.001, 'MLP__hidden_layer_sizes': (784, 784, 784)}",83,0.84625,0.98796875,0.865,0.99140625,0.85125,0.995,0.845,0.96859375,0.85375,0.97421875,4.24360563264539,0.006389335890495541,0.0071326713088435655,0.010227872457163306
24.042681169509887,0.05565133094787598,0.853625,0.9909687500000001,relu,0.001,"(392, 392, 392)","{'MLP__activation': 'relu', 'MLP__alpha': 0.001, 'MLP__hidden_layer_sizes': (392, 392, 392)}",62,0.85625,0.98765625,0.855625,0.9928125,0.853125,0.99515625,0.840625,0.9878125,0.8625,0.99140625,1.8477178232562808,0.0036454286338201696,0.007195918982312149,0.002900363662543017
178.7115149974823,0.2038548469543457,0.84725,0.9763437500000001,relu,0.001,"(1568, 1568, 1568)","{'MLP__activation': 'relu', 'MLP__alpha': 0.001, 'MLP__hidden_layer_sizes': (1568, 1568, 1568)}",130,0.8475,0.96796875,0.85625,0.985625,0.85,0.96796875,0.829375,0.98390625,0.853125,0.97625,38.766417980309924,0.003918628790640732,0.00940910463327941,0.00753157416314807
127.67225422859192,0.0452789306640625,0.862125,1.0,relu,0.00031622776601683794,"(784,)","{'MLP__activation': 'relu', 'MLP__alpha': 0.00031622776601683794, 'MLP__hidden_layer_sizes': (784,)}",11,0.86625,1.0,0.86875,1.0,0.855,1.0,0.8625,1.0,0.858125,1.0,1.5125251961865314,0.004910582208005759,0.005055937104039172,0.0
64.7396098613739,0.03291220664978027,0.861375,1.0,relu,0.00031622776601683794,"(392,)","{'MLP__activation': 'relu', 'MLP__alpha': 0.00031622776601683794, 'MLP__hidden_layer_sizes': (392,)}",13,0.861875,1.0,0.8625,1.0,0.86125,1.0,0.85625,1.0,0.865,1.0,0.745262722003292,0.0015454798728086183,0.002861380785564915,0.0
243.63822526931762,0.06482677459716797,0.86375,1.0,relu,0.00031622776601683794,"(1568,)","{'MLP__activation': 'relu', 'MLP__alpha': 0.00031622776601683794, 'MLP__hidden_layer_sizes': (1568,)}",2,0.865,1.0,0.8675,1.0,0.860625,1.0,0.8575,1.0,0.868125,1.0,0.7302008109771668,0.005535049649507021,0.00408885680844904,0.0
37.52421593666077,0.07180795669555665,0.852125,0.98796875,relu,0.00031622776601683794,"(784, 784)","{'MLP__activation': 'relu', 'MLP__alpha': 0.00031622776601683794, 'MLP__hidden_layer_sizes': (784, 784)}",86,0.860625,0.9896875,0.85875,0.98109375,0.858125,0.99109375,0.83,0.98578125,0.853125,0.9921875,4.219287031605731,0.005085080858129331,0.011337162343373246,0.004063701745330238
83.38333439826965,0.04228711128234863,0.856625,0.9967500000000001,relu,0.00031622776601683794,"(392, 392)","{'MLP__activation': 'relu', 'MLP__alpha': 0.00031622776601683794, 'MLP__hidden_layer_sizes': (392, 392)}",36,0.866875,1.0,0.86,0.99703125,0.835,0.98671875,0.853125,1.0,0.868125,1.0,56.23873656296629,0.0022391649477985524,0.012071402155507878,0.005145727900404382
307.3288414478302,0.13823041915893555,0.85675,0.98728125,relu,0.00031622776601683794,"(1568, 1568)","{'MLP__activation': 'relu', 'MLP__alpha': 0.00031622776601683794, 'MLP__hidden_layer_sizes': (1568, 1568)}",34,0.859375,0.974375,0.8625,0.99046875,0.85,0.9821875,0.8575,1.0,0.854375,0.989375,401.65065038569776,0.0036561047840844895,0.004282960424752975,0.008588691693150947
174.12757830619813,0.10272541046142578,0.8545,0.99484375,relu,0.00031622776601683794,"(784, 784, 784)","{'MLP__activation': 'relu', 'MLP__alpha': 0.00031622776601683794, 'MLP__hidden_layer_sizes': (784, 784, 784)}",56,0.846875,0.990625,0.846875,0.99328125,0.8625,0.9971875,0.846875,0.993125,0.869375,1.0,210.7479774391822,0.0014105370552307864,0.009588404455382542,0.0033248590195675987
18.893057441711427,0.05265960693359375,0.84225,0.9830937499999999,relu,0.00031622776601683794,"(392, 392, 392)","{'MLP__activation': 'relu', 'MLP__alpha': 0.00031622776601683794, 'MLP__hidden_layer_sizes': (392, 392, 392)}",161,0.8475,0.98,0.848125,0.98171875,0.829375,0.97625,0.83875,0.99234375,0.8475,0.98515625,1.4750023361443554,0.0007461235225355398,0.007316505313330971,0.005442705841307246
165.3596342086792,0.20844273567199706,0.846875,0.97284375,relu,0.00031622776601683794,"(1568, 1568, 1568)","{'MLP__activation': 'relu', 'MLP__alpha': 0.00031622776601683794, 'MLP__hidden_layer_sizes': (1568, 1568, 1568)}",137,0.840625,0.96625,0.861875,0.97578125,0.859375,0.99359375,0.839375,0.96359375,0.833125,0.965,34.590279761279916,0.005005889528650864,0.01153798075921432,0.01122279697201194
127.96886057853699,0.04328441619873047,0.862,1.0,relu,0.0001,"(784,)","{'MLP__activation': 'relu', 'MLP__alpha': 0.0001, 'MLP__hidden_layer_sizes': (784,)}",12,0.863125,1.0,0.87125,1.0,0.85125,1.0,0.85625,1.0,0.868125,1.0,1.4753745164667738,0.0007978081752170054,0.007388758353065845,0.0
64.16634359359742,0.03271636962890625,0.86225,1.0,relu,0.0001,"(392,)","{'MLP__activation': 'relu', 'MLP__alpha': 0.0001, 'MLP__hidden_layer_sizes': (392,)}",10,0.866875,1.0,0.8625,1.0,0.8625,1.0,0.85875,1.0,0.860625,1.0,0.28622631331183,0.0007528272918176407,0.002698379143115347,0.0
243.82771868705748,0.06402835845947266,0.86375,1.0,relu,0.0001,"(1568,)","{'MLP__activation': 'relu', 'MLP__alpha': 0.0001, 'MLP__hidden_layer_sizes': (1568,)}",2,0.8675,1.0,0.87125,1.0,0.860625,1.0,0.8575,1.0,0.861875,1.0,1.7217681551010462,0.0014658043162569178,0.0049529031890397325,0.0
105.48660435676575,0.07360339164733887,0.862625,0.99471875,relu,0.0001,"(784, 784)","{'MLP__activation': 'relu', 'MLP__alpha': 0.0001, 'MLP__hidden_layer_sizes': (784, 784)}",8,0.86625,0.99953125,0.866875,0.99109375,0.863125,1.0,0.86,0.99453125,0.856875,0.9884375,128.6947050095575,0.0026311000504936695,0.003779054114457712,0.004553715859054015
81.87177834510803,0.044481420516967775,0.856125,0.99728125,relu,0.0001,"(392, 392)","{'MLP__activation': 'relu', 'MLP__alpha': 0.0001, 'MLP__hidden_layer_sizes': (392, 392)}",39,0.859375,1.0,0.85125,0.991875,0.861875,1.0,0.858125,1.0,0.85,0.99453125,55.66993314622665,0.002792532148714057,0.004667038675648622,0.003434089216954057
296.7411651134491,0.14162206649780273,0.8535,0.9864374999999999,relu,0.0001,"(1568, 1568)","{'MLP__activation': 'relu', 'MLP__alpha': 0.0001, 'MLP__hidden_layer_sizes': (1568, 1568)}",64,0.86125,0.993125,0.848125,0.97390625,0.875625,1.0,0.844375,0.9796875,0.838125,0.98546875,408.959528980707,0.0028208885776350636,0.013402425153680198,0.009297282028905013
74.06665825843811,0.09973368644714356,0.847125,0.9869999999999999,relu,0.0001,"(784, 784, 784)","{'MLP__activation': 'relu', 'MLP__alpha': 0.0001, 'MLP__hidden_layer_sizes': (784, 784, 784)}",131,0.859375,0.99125,0.83875,0.97890625,0.841875,0.989375,0.85,0.99296875,0.845625,0.9825,5.495703054625755,0.004415655609068137,0.00718722825573252,0.0053867966478232535
17.932626962661743,0.05425515174865723,0.85175,0.98615625,relu,0.0001,"(392, 392, 392)","{'MLP__activation': 'relu', 'MLP__alpha': 0.0001, 'MLP__hidden_layer_sizes': (392, 392, 392)}",93,0.865,0.9840625,0.85125,0.9796875,0.850625,0.9909375,0.853125,0.99828125,0.83875,0.9778125,4.14660072120995,0.003816127659722474,0.008342286856731792,0.007559400191152741
275.0027199268341,0.24055628776550292,0.84525,0.9753125,relu,0.0001,"(1568, 1568, 1568)","{'MLP__activation': 'relu', 'MLP__alpha': 0.0001, 'MLP__hidden_layer_sizes': (1568, 1568, 1568)}",145,0.841875,0.97640625,0.863125,0.99109375,0.8475,0.96875,0.840625,0.9778125,0.833125,0.9625,65.37984359924644,0.045070118340367525,0.010043654713300347,0.009630375933731759
274.5665920734406,0.05046520233154297,0.864375,1.0,relu,3.1622776601683795e-05,"(784,)","{'MLP__activation': 'relu', 'MLP__alpha': 3.1622776601683795e-05, 'MLP__hidden_layer_sizes': (784,)}",1,0.863125,1.0,0.868125,1.0,0.864375,1.0,0.86,1.0,0.86625,1.0,139.05245711270308,0.006003878712471593,0.0027669929526473384,0.0
67.55487866401673,0.03231401443481445,0.862625,1.0,relu,3.1622776601683795e-05,"(392,)","{'MLP__activation': 'relu', 'MLP__alpha': 3.1622776601683795e-05, 'MLP__hidden_layer_sizes': (392,)}",8,0.868125,1.0,0.864375,1.0,0.86375,1.0,0.851875,1.0,0.865,1.0,1.5575584698500649,0.0007980108456994713,0.005581778390441515,0.0
269.90297956466674,0.07659564018249512,0.863125,0.9994687499999999,relu,3.1622776601683795e-05,"(1568,)","{'MLP__activation': 'relu', 'MLP__alpha': 3.1622776601683795e-05, 'MLP__hidden_layer_sizes': (1568,)}",5,0.869375,1.0,0.865,1.0,0.863125,1.0,0.86,1.0,0.858125,0.99734375,122.24364592072122,0.011874953287471374,0.003933033180638066,0.0010625000000000107
51.05701332092285,0.0757974624633789,0.85975,0.99371875,relu,3.1622776601683795e-05,"(784, 784)","{'MLP__activation': 'relu', 'MLP__alpha': 3.1622776601683795e-05, 'MLP__hidden_layer_sizes': (784, 784)}",19,0.8675,0.99890625,0.87,0.9940625,0.858125,0.99546875,0.85625,0.99359375,0.846875,0.9865625,11.123347518809105,0.005163398524289196,0.008316023689239945,0.004032824305000153
136.33787212371826,0.04727358818054199,0.86,0.99771875,relu,3.1622776601683795e-05,"(392, 392)","{'MLP__activation': 'relu', 'MLP__alpha': 3.1622776601683795e-05, 'MLP__hidden_layer_sizes': (392, 392)}",17,0.87,1.0,0.8675,1.0,0.846875,1.0,0.85875,1.0,0.856875,0.98859375,64.16312224665101,0.00401938008467283,0.008244316223920564,0.004562499999999981
349.1806809425354,0.15438737869262695,0.85175,0.9850312499999999,relu,3.1622776601683795e-05,"(1568, 1568)","{'MLP__activation': 'relu', 'MLP__alpha': 3.1622776601683795e-05, 'MLP__hidden_layer_sizes': (1568, 1568)}",93,0.8725,1.0,0.856875,0.993125,0.836875,0.9696875,0.8425,0.97171875,0.85,0.990625,434.5029459052991,0.013100698144325303,0.012383204351055515,0.012112106546757258
54.41383304595947,0.09933433532714844,0.849875,0.9854375000000001,relu,3.1622776601683795e-05,"(784, 784, 784)","{'MLP__activation': 'relu', 'MLP__alpha': 3.1622776601683795e-05, 'MLP__hidden_layer_sizes': (784, 784, 784)}",105,0.851875,0.9696875,0.843125,0.974375,0.848125,0.98890625,0.85375,0.9965625,0.8525,0.99765625,11.179984898201596,0.0027203760706354975,0.00386086130287013,0.011450214927022112
88.47052607536315,0.05265917778015137,0.857375,0.99596875,relu,3.1622776601683795e-05,"(392, 392, 392)","{'MLP__activation': 'relu', 'MLP__alpha': 3.1622776601683795e-05, 'MLP__hidden_layer_sizes': (392, 392, 392)}",29,0.86875,0.9959375,0.851875,0.98703125,0.861875,1.0,0.85375,1.0,0.850625,0.996875,83.48281858824686,0.0003993038633484125,0.006907875939824049,0.004758216577668558
211.14135985374452,0.21642074584960938,0.8495,0.98228125,relu,3.1622776601683795e-05,"(1568, 1568, 1568)","{'MLP__activation': 'relu', 'MLP__alpha': 3.1622776601683795e-05, 'MLP__hidden_layer_sizes': (1568, 1568, 1568)}",110,0.841875,0.97265625,0.8625,0.98671875,0.84,0.975,0.855625,0.99625,0.8475,0.98078125,34.61408494910688,0.0050854362271277615,0.00847238160141528,0.008517330677800401
126.68948321342468,0.04627647399902344,0.86275,1.0,relu,1e-05,"(784,)","{'MLP__activation': 'relu', 'MLP__alpha': 1e-05, 'MLP__hidden_layer_sizes': (784,)}",7,0.86375,1.0,0.873125,1.0,0.860625,1.0,0.85375,1.0,0.8625,1.0,0.16782040067844045,0.0038159656460425755,0.006232475431158967,0.0
63.93935079574585,0.03311171531677246,0.861125,1.0,relu,1e-05,"(392,)","{'MLP__activation': 'relu', 'MLP__alpha': 1e-05, 'MLP__hidden_layer_sizes': (392,)}",14,0.865,1.0,0.86375,1.0,0.85625,1.0,0.86,1.0,0.860625,1.0,0.11035170191853047,0.0011631292799226907,0.0030720514318611438,0.0
119.37664647102356,0.06243295669555664,0.863625,0.99828125,relu,1e-05,"(1568,)","{'MLP__activation': 'relu', 'MLP__alpha': 1e-05, 'MLP__hidden_layer_sizes': (1568,)}",4,0.8675,0.99421875,0.87,1.0,0.85875,0.9971875,0.85875,1.0,0.863125,1.0,99.96208943387133,0.00079772485742266,0.004548351349665063,0.0023048861143232075
168.15356006622315,0.0724067211151123,0.852125,0.9931875000000001,relu,1e-05,"(784, 784)","{'MLP__activation': 'relu', 'MLP__alpha': 1e-05, 'MLP__hidden_layer_sizes': (784, 784)}",86,0.861875,1.0,0.86625,1.0,0.850625,0.99390625,0.8375,0.990625,0.844375,0.98140625,160.5348570166341,0.0007977249714337289,0.010684392823179028,0.006909430828584931
60.16883773803711,0.042885351181030276,0.857625,0.9964375000000001,relu,1e-05,"(392, 392)","{'MLP__activation': 'relu', 'MLP__alpha': 1e-05, 'MLP__hidden_layer_sizes': (392, 392)}",27,0.860625,1.0,0.864375,1.0,0.85875,0.99640625,0.844375,0.9890625,0.86,0.99671875,54.7685484146402,0.0006307510907958617,0.006885219676960209,0.003996336212707851
89.25343117713928,0.14142208099365233,0.855,0.9828125,relu,1e-05,"(1568, 1568)","{'MLP__activation': 'relu', 'MLP__alpha': 1e-05, 'MLP__hidden_layer_sizes': (1568, 1568)}",49,0.860625,0.9825,0.86125,0.985,0.858125,0.98578125,0.84125,0.97640625,0.85375,0.984375,13.59149170999213,0.005996769610197609,0.007363338237511541,0.0033816485439796917
167.5396022796631,0.10531802177429199,0.852375,0.984875,relu,1e-05,"(784, 784, 784)","{'MLP__activation': 'relu', 'MLP__alpha': 1e-05, 'MLP__hidden_layer_sizes': (784, 784, 784)}",82,0.84625,0.97078125,0.8525,0.983125,0.84375,0.9875,0.85,0.98296875,0.869375,1.0,213.02091816227954,0.010954156985092051,0.009017344398435729,0.00939133992702851
21.092374181747438,0.052460002899169925,0.856875,0.990625,relu,1e-05,"(392, 392, 392)","{'MLP__activation': 'relu', 'MLP__alpha': 1e-05, 'MLP__hidden_layer_sizes': (392, 392, 392)}",32,0.86,0.9978125,0.86,0.99078125,0.85625,0.98625,0.849375,0.9878125,0.85875,0.99046875,3.1130484479696943,0.000488461204240037,0.00399217985566783,0.003968873029589137
219.58098163604737,0.21362857818603515,0.8565,0.9881875000000001,relu,1e-05,"(1568, 1568, 1568)","{'MLP__activation': 'relu', 'MLP__alpha': 1e-05, 'MLP__hidden_layer_sizes': (1568, 1568, 1568)}",38,0.8625,0.99140625,0.865625,0.98953125,0.85125,0.98578125,0.844375,0.9834375,0.85875,0.99078125,32.993170180855635,0.012155961185399465,0.00773183354709607,0.003073958156839485
9.770461654663086,0.03909592628479004,0.806625,0.81821875,tanh,10.0,"(784,)","{'MLP__activation': 'tanh', 'MLP__alpha': 10.0, 'MLP__hidden_layer_sizes': (784,)}",219,0.80125,0.8178125,0.811875,0.8121875,0.8125,0.8215625,0.806875,0.81796875,0.800625,0.8215625,2.1235051688734337,0.0003987314312744371,0.00504046128841398,0.0034340892169540437
5.96284818649292,0.03051867485046387,0.806375,0.8220625,tanh,10.0,"(392,)","{'MLP__activation': 'tanh', 'MLP__alpha': 10.0, 'MLP__hidden_layer_sizes': (392,)}",220,0.805,0.82421875,0.79625,0.82,0.8125,0.82125,0.816875,0.83171875,0.80125,0.813125,0.8323545135820852,0.0004884417975875618,0.007462405778299647,0.006044593400304101
13.558927297592163,0.058244514465332034,0.796125,0.81040625,tanh,10.0,"(1568,)","{'MLP__activation': 'tanh', 'MLP__alpha': 10.0, 'MLP__hidden_layer_sizes': (1568,)}",226,0.8,0.82421875,0.785,0.79046875,0.774375,0.790625,0.8075,0.8246875,0.81375,0.82203125,0.8997159673499397,0.0032532125548382354,0.014504309704360266,0.016239960841239718
24.222600126266478,0.07041192054748535,0.786625,0.79384375,tanh,10.0,"(784, 784)","{'MLP__activation': 'tanh', 'MLP__alpha': 10.0, 'MLP__hidden_layer_sizes': (784, 784)}",230,0.77375,0.78421875,0.794375,0.7953125,0.788125,0.7975,0.77625,0.78484375,0.800625,0.80734375,5.232908879414812,0.004442222016514432,0.010312310604321424,0.008618770395189816
12.002690839767457,0.0424863338470459,0.79225,0.80040625,tanh,10.0,"(392, 392)","{'MLP__activation': 'tanh', 'MLP__alpha': 10.0, 'MLP__hidden_layer_sizes': (392, 392)}",227,0.788125,0.7975,0.789375,0.8003125,0.805625,0.80640625,0.7875,0.80109375,0.790625,0.79671875,1.393786722626535,0.0037100554725265807,0.006773108592072049,0.003421268496479042
82.31878271102906,0.132844877243042,0.77325,0.7842499999999999,tanh,10.0,"(1568, 1568)","{'MLP__activation': 'tanh', 'MLP__alpha': 10.0, 'MLP__hidden_layer_sizes': (1568, 1568)}",233,0.751875,0.78078125,0.7425,0.76375,0.796875,0.785,0.77125,0.79015625,0.80375,0.8015625,5.873761046196425,0.005997372298756463,0.02406176946943012,0.012389117578544462
45.85074157714844,0.09614205360412598,0.77925,0.7805625,tanh,10.0,"(784, 784, 784)","{'MLP__activation': 'tanh', 'MLP__alpha': 10.0, 'MLP__hidden_layer_sizes': (784, 784, 784)}",231,0.7675,0.78515625,0.77625,0.766875,0.786875,0.78015625,0.784375,0.78609375,0.78125,0.78453125,5.137696110034452,0.0020535858262925376,0.0068624886156554215,0.007140881423185813
15.299471616744995,0.05305800437927246,0.7765,0.78815625,tanh,10.0,"(392, 392, 392)","{'MLP__activation': 'tanh', 'MLP__alpha': 10.0, 'MLP__hidden_layer_sizes': (392, 392, 392)}",232,0.770625,0.796875,0.774375,0.78421875,0.791875,0.79390625,0.7775,0.79484375,0.768125,0.7709375,0.8527889206107545,0.006475839734028121,0.008325412902673362,0.009651849725570726
128.43401670455933,0.2018599510192871,0.768875,0.7805312499999999,tanh,10.0,"(1568, 1568, 1568)","{'MLP__activation': 'tanh', 'MLP__alpha': 10.0, 'MLP__hidden_layer_sizes': (1568, 1568, 1568)}",234,0.7675,0.78578125,0.775,0.77703125,0.77375,0.784375,0.7675,0.78203125,0.760625,0.7734375,18.937183081604537,0.003868016599643269,0.0051599418601375934,0.004629431998096536
12.529481267929077,0.040491771697998044,0.834,0.85590625,tanh,3.1622776601683795,"(784,)","{'MLP__activation': 'tanh', 'MLP__alpha': 3.1622776601683795, 'MLP__hidden_layer_sizes': (784,)}",196,0.83,0.859375,0.84375,0.85921875,0.84,0.8578125,0.8325,0.85359375,0.82375,0.84953125,2.2453759365012416,0.0013528454018016014,0.007132671308843556,0.00381121904710292
7.634775543212891,0.03211421966552734,0.830875,0.86425,tanh,3.1622776601683795,"(392,)","{'MLP__activation': 'tanh', 'MLP__alpha': 3.1622776601683795, 'MLP__hidden_layer_sizes': (392,)}",204,0.83,0.86953125,0.82625,0.85609375,0.830625,0.864375,0.8425,0.87015625,0.825,0.86109375,0.6971513963954826,0.0011627939444919424,0.006194755846681948,0.005277828033386454
21.60340733528137,0.05724630355834961,0.82525,0.8483124999999999,tanh,3.1622776601683795,"(1568,)","{'MLP__activation': 'tanh', 'MLP__alpha': 3.1622776601683795, 'MLP__hidden_layer_sizes': (1568,)}",208,0.81875,0.84734375,0.81875,0.84375,0.829375,0.8434375,0.82625,0.84953125,0.833125,0.8575,3.786173852607124,0.0013527961746782606,0.005736396952791892,0.0051267146521920106
34.179962682723996,0.07320432662963867,0.82225,0.8535,tanh,3.1622776601683795,"(784, 784)","{'MLP__activation': 'tanh', 'MLP__alpha': 3.1622776601683795, 'MLP__hidden_layer_sizes': (784, 784)}",211,0.796875,0.834375,0.83,0.8565625,0.83,0.8621875,0.830625,0.85765625,0.82375,0.85671875,8.079226791958634,0.0043059475843998185,0.01293372529474782,0.00978010176966478
13.025953102111817,0.04308485984802246,0.832125,0.8588125,tanh,3.1622776601683795,"(392, 392)","{'MLP__activation': 'tanh', 'MLP__alpha': 3.1622776601683795, 'MLP__hidden_layer_sizes': (392, 392)}",201,0.820625,0.85375,0.845,0.86359375,0.843125,0.86375,0.824375,0.85828125,0.8275,0.8546875,0.9472601723592207,0.007888590840159075,0.010004686401881858,0.004246551910079522
109.4053216934204,0.1334434986114502,0.811625,0.8447812499999999,tanh,3.1622776601683795,"(1568, 1568)","{'MLP__activation': 'tanh', 'MLP__alpha': 3.1622776601683795, 'MLP__hidden_layer_sizes': (1568, 1568)}",218,0.8125,0.85015625,0.8375,0.84984375,0.805625,0.84125,0.778125,0.82875,0.824375,0.85390625,22.279375482104935,0.003908684346155355,0.01995541906350254,0.009025030297733069
68.13173594474793,0.09235267639160157,0.823625,0.85434375,tanh,3.1622776601683795,"(784, 784, 784)","{'MLP__activation': 'tanh', 'MLP__alpha': 3.1622776601683795, 'MLP__hidden_layer_sizes': (784, 784, 784)}",209,0.8175,0.84984375,0.82625,0.86015625,0.82125,0.84953125,0.82625,0.85625,0.826875,0.8559375,14.950685946263839,0.0032528733720339426,0.003674234614174777,0.004083359906376112
23.491755390167235,0.05106329917907715,0.82125,0.85509375,tanh,3.1622776601683795,"(392, 392, 392)","{'MLP__activation': 'tanh', 'MLP__alpha': 3.1622776601683795, 'MLP__hidden_layer_sizes': (392, 392, 392)}",212,0.815625,0.84296875,0.82625,0.8609375,0.82125,0.85875,0.820625,0.84671875,0.8225,0.86609375,4.7658574793048665,0.0031791183779752265,0.003423265984407284,0.008782640014540044
282.56394519805906,0.22025842666625978,0.820375,0.85096875,tanh,3.1622776601683795,"(1568, 1568, 1568)","{'MLP__activation': 'tanh', 'MLP__alpha': 3.1622776601683795, 'MLP__hidden_layer_sizes': (1568, 1568, 1568)}",214,0.81125,0.8475,0.82125,0.8465625,0.83125,0.8546875,0.8225,0.8475,0.815625,0.85859375,76.28458227870688,0.010755328181033913,0.006773108592072035,0.004805189252256369
26.88471727371216,0.04412856101989746,0.8405,0.9150625000000001,tanh,1.0,"(784,)","{'MLP__activation': 'tanh', 'MLP__alpha': 1.0, 'MLP__hidden_layer_sizes': (784,)}",168,0.84125,0.9103125,0.84125,0.90109375,0.830625,0.91671875,0.846875,0.92921875,0.8425,0.91796875,7.678444272740709,0.005120530152881399,0.005353153276340999,0.009265822615936472
14.734360074996948,0.033330106735229494,0.848875,0.9262499999999999,tanh,1.0,"(392,)","{'MLP__activation': 'tanh', 'MLP__alpha': 1.0, 'MLP__hidden_layer_sizes': (392,)}",117,0.845625,0.921875,0.859375,0.92734375,0.85125,0.93046875,0.84125,0.9240625,0.846875,0.9275,1.7958392940184436,0.002423516694733949,0.006141559248269108,0.002982697499747489
32.39527339935303,0.05914468765258789,0.8315,0.89003125,tanh,1.0,"(1568,)","{'MLP__activation': 'tanh', 'MLP__alpha': 1.0, 'MLP__hidden_layer_sizes': (1568,)}",202,0.828125,0.879375,0.849375,0.9046875,0.8175,0.87875,0.834375,0.8890625,0.828125,0.89828125,3.2028363485140097,0.0010722767745594706,0.010455261833163237,0.010243328621595608
79.77137360572814,0.08092279434204101,0.84225,0.93296875,tanh,1.0,"(784, 784)","{'MLP__activation': 'tanh', 'MLP__alpha': 1.0, 'MLP__hidden_layer_sizes': (784, 784)}",161,0.844375,0.92546875,0.85125,0.92875,0.83875,0.9565625,0.8375,0.930625,0.839375,0.9234375,16.685937113168407,0.013480739525992401,0.005071365693775178,0.012058613363484207
24.50993947982788,0.04448409080505371,0.8425,0.9475624999999999,tanh,1.0,"(392, 392)","{'MLP__activation': 'tanh', 'MLP__alpha': 1.0, 'MLP__hidden_layer_sizes': (392, 392)}",159,0.85,0.95375,0.8425,0.9365625,0.844375,0.9659375,0.840625,0.9490625,0.835,0.9325,3.8508245149087243,0.0050613531864564815,0.0048894018039019925,0.012050350098648596
198.6013864994049,0.13334870338439941,0.838375,0.9159375000000001,tanh,1.0,"(1568, 1568)","{'MLP__activation': 'tanh', 'MLP__alpha': 1.0, 'MLP__hidden_layer_sizes': (1568, 1568)}",178,0.84625,0.91015625,0.855625,0.9284375,0.8225,0.89125,0.83375,0.94109375,0.83375,0.90875,50.59156387245786,0.0011163807028931273,0.011440061188647535,0.017225809578217215
211.06435136795045,0.09969239234924317,0.836375,0.9425625,tanh,1.0,"(784, 784, 784)","{'MLP__activation': 'tanh', 'MLP__alpha': 1.0, 'MLP__hidden_layer_sizes': (784, 784, 784)}",187,0.824375,0.9440625,0.849375,0.94421875,0.835625,0.97484375,0.841875,0.93953125,0.830625,0.91015625,165.10197150765651,0.0068587554810297215,0.008681877677092689,0.02052523218504483
39.65467753410339,0.05638232231140137,0.8435,0.9459375,tanh,1.0,"(392, 392, 392)","{'MLP__activation': 'tanh', 'MLP__alpha': 1.0, 'MLP__hidden_layer_sizes': (392, 392, 392)}",154,0.84,0.924375,0.856875,0.94859375,0.83125,0.9553125,0.84125,0.9665625,0.848125,0.93484375,8.4344732694072,0.001351392988777223,0.008575036443071253,0.014888583608758778
438.742506313324,0.23572254180908203,0.835375,0.9025937500000001,tanh,1.0,"(1568, 1568, 1568)","{'MLP__activation': 'tanh', 'MLP__alpha': 1.0, 'MLP__hidden_layer_sizes': (1568, 1568, 1568)}",192,0.83375,0.88328125,0.85,0.92015625,0.8325,0.9059375,0.84125,0.91828125,0.819375,0.8853125,80.85479789351977,0.018026873764836585,0.010151970252123487,0.015731077422573462
29.183148527145384,0.04148921966552734,0.845125,0.97403125,tanh,0.31622776601683794,"(784,)","{'MLP__activation': 'tanh', 'MLP__alpha': 0.31622776601683794, 'MLP__hidden_layer_sizes': (784,)}",146,0.843125,0.97078125,0.859375,0.97328125,0.84875,0.969375,0.830625,0.97625,0.84375,0.98046875,2.4020840093122953,0.001849550297045795,0.009298857456698662,0.003979193935334132
16.588920736312865,0.03271303176879883,0.85275,0.98475,tanh,0.31622776601683794,"(392,)","{'MLP__activation': 'tanh', 'MLP__alpha': 0.31622776601683794, 'MLP__hidden_layer_sizes': (392,)}",76,0.855625,0.9825,0.855625,0.99046875,0.851875,0.9821875,0.84875,0.9871875,0.851875,0.98140625,2.4478915170973874,0.002631269944844514,0.002610076627227616,0.0035058544785829234
42.13127355575561,0.056949186325073245,0.835875,0.95546875,tanh,0.31622776601683794,"(1568,)","{'MLP__activation': 'tanh', 'MLP__alpha': 0.31622776601683794, 'MLP__hidden_layer_sizes': (1568,)}",190,0.854375,0.95765625,0.84,0.9634375,0.824375,0.95203125,0.82375,0.94953125,0.836875,0.9546875,7.323744372531626,0.0007965562715390273,0.01130956453626753,0.004815948439819482
76.85881929397583,0.06991438865661621,0.836,0.9646250000000001,tanh,0.31622776601683794,"(784, 784)","{'MLP__activation': 'tanh', 'MLP__alpha': 0.31622776601683794, 'MLP__hidden_layer_sizes': (784, 784)}",189,0.83625,0.97578125,0.850625,0.96765625,0.82375,0.9653125,0.840625,0.9546875,0.82875,0.9596875,3.7392661839010963,0.0025720562429197152,0.009359153273667433,0.007172947223770718
26.557338571548463,0.042287015914916994,0.84325,0.9767187500000001,tanh,0.31622776601683794,"(392, 392)","{'MLP__activation': 'tanh', 'MLP__alpha': 0.31622776601683794, 'MLP__hidden_layer_sizes': (392, 392)}",156,0.8575,0.9940625,0.825,0.95015625,0.830625,0.97515625,0.851875,0.98171875,0.85125,0.9825,4.998398549019971,0.0029983372390662718,0.012914381518291957,0.014609834551595697
206.6215943336487,0.1457150936126709,0.837375,0.944,tanh,0.31622776601683794,"(1568, 1568)","{'MLP__activation': 'tanh', 'MLP__alpha': 0.31622776601683794, 'MLP__hidden_layer_sizes': (1568, 1568)}",185,0.834375,0.93328125,0.85125,0.94953125,0.823125,0.93453125,0.8375,0.95453125,0.840625,0.948125,22.47155944863644,0.0076327471200616556,0.009112148484303782,0.00852134269056235
151.64242391586305,0.11220221519470215,0.834125,0.9588437500000001,tanh,0.31622776601683794,"(784, 784, 784)","{'MLP__activation': 'tanh', 'MLP__alpha': 0.31622776601683794, 'MLP__hidden_layer_sizes': (784, 784, 784)}",195,0.84,0.9590625,0.845625,0.95453125,0.821875,0.970625,0.843125,0.96765625,0.82,0.94234375,30.505849916549394,0.01925891586902486,0.010930176119349584,0.010073266755377794
37.57387800216675,0.05116744041442871,0.838,0.9753125,tanh,0.31622776601683794,"(392, 392, 392)","{'MLP__activation': 'tanh', 'MLP__alpha': 0.31622776601683794, 'MLP__hidden_layer_sizes': (392, 392, 392)}",181,0.845625,0.98078125,0.8525,0.991875,0.821875,0.95765625,0.831875,0.96515625,0.838125,0.98109375,6.880574856837615,0.0016879933526653056,0.010638961415476602,0.012268162555982034
356.926022195816,0.24909534454345703,0.828,0.922,tanh,0.31622776601683794,"(1568, 1568, 1568)","{'MLP__activation': 'tanh', 'MLP__alpha': 0.31622776601683794, 'MLP__hidden_layer_sizes': (1568, 1568, 1568)}",205,0.8325,0.93484375,0.8475,0.93203125,0.82125,0.92109375,0.81625,0.91359375,0.8225,0.9084375,20.086219155462466,0.013329768054258551,0.011084899638697682,0.010207993191612138
46.45298571586609,0.04956927299499512,0.846875,0.99471875,tanh,0.1,"(784,)","{'MLP__activation': 'tanh', 'MLP__alpha': 0.1, 'MLP__hidden_layer_sizes': (784,)}",137,0.84875,0.99484375,0.86125,0.9978125,0.83875,0.995625,0.83375,0.99421875,0.851875,0.99109375,6.981091804454252,0.006933875810717296,0.009730750228014277,0.0021816887094633784
24.041515350341797,0.0361269474029541,0.852125,0.9989062499999999,tanh,0.1,"(392,)","{'MLP__activation': 'tanh', 'MLP__alpha': 0.1, 'MLP__hidden_layer_sizes': (392,)}",86,0.860625,0.99984375,0.856875,0.99875,0.8425,0.99609375,0.84625,1.0,0.854375,0.99984375,4.047941266555796,0.002954489699165944,0.006738415985971779,0.0014757148691397068
61.68006601333618,0.06799211502075195,0.840625,0.986125,tanh,0.1,"(1568,)","{'MLP__activation': 'tanh', 'MLP__alpha': 0.1, 'MLP__hidden_layer_sizes': (1568,)}",167,0.84375,0.98703125,0.8475,0.98734375,0.82375,0.9725,0.845,0.99,0.843125,0.99375,5.958314961644448,0.005734420922156705,0.008569568250501316,0.007226389356033889
64.08632192611694,0.0835176944732666,0.8445,0.9855,tanh,0.1,"(784, 784)","{'MLP__activation': 'tanh', 'MLP__alpha': 0.1, 'MLP__hidden_layer_sizes': (784, 784)}",147,0.84375,0.99203125,0.851875,0.9834375,0.84125,0.99359375,0.841875,0.97734375,0.84375,0.98109375,8.45522122339425,0.011422125923677107,0.003820176697484035,0.006298561343672097
24.02256293296814,0.04607677459716797,0.84975,0.9911562500000001,tanh,0.1,"(392, 392)","{'MLP__activation': 'tanh', 'MLP__alpha': 0.1, 'MLP__hidden_layer_sizes': (392, 392)}",108,0.85375,0.99203125,0.856875,0.98875,0.846875,0.9846875,0.844375,0.9971875,0.846875,0.993125,3.7095497371494672,0.003301661008110124,0.004736823830374114,0.004210756315675357
210.6856282234192,0.1539825439453125,0.838,0.96503125,tanh,0.1,"(1568, 1568)","{'MLP__activation': 'tanh', 'MLP__alpha': 0.1, 'MLP__hidden_layer_sizes': (1568, 1568)}",181,0.83625,0.95890625,0.855625,0.978125,0.831875,0.97453125,0.844375,0.97484375,0.821875,0.93875,50.67184070780494,0.014285577778466346,0.011418187246669214,0.014739071693122344
106.98739461898803,0.1038236141204834,0.8375,0.9753125,tanh,0.1,"(784, 784, 784)","{'MLP__activation': 'tanh', 'MLP__alpha': 0.1, 'MLP__hidden_layer_sizes': (784, 784, 784)}",184,0.833125,0.95625,0.846875,0.98875,0.826875,0.975625,0.843125,0.9871875,0.8375,0.96875,16.560294866831807,0.01047179463399196,0.007093130479555559,0.012067518386147159
42.67344493865967,0.058104085922241214,0.83325,0.97259375,tanh,0.1,"(392, 392, 392)","{'MLP__activation': 'tanh', 'MLP__alpha': 0.1, 'MLP__hidden_layer_sizes': (392, 392, 392)}",197,0.833125,0.976875,0.845,0.9821875,0.844375,0.9896875,0.814375,0.9440625,0.829375,0.97015625,10.474084284249685,0.004349003004641824,0.011252777434926906,0.015636745585319217
382.0701548576355,0.23897395133972169,0.832625,0.9630625,tanh,0.1,"(1568, 1568, 1568)","{'MLP__activation': 'tanh', 'MLP__alpha': 0.1, 'MLP__hidden_layer_sizes': (1568, 1568, 1568)}",199,0.82625,0.96828125,0.846875,0.96890625,0.844375,0.97328125,0.813125,0.93234375,0.8325,0.9725,36.08864687115783,0.02372298965429416,0.012345292625126396,0.015482348820511686
49.332343912124635,0.04510455131530762,0.849875,0.9970625,tanh,0.03162277660168379,"(784,)","{'MLP__activation': 'tanh', 'MLP__alpha': 0.03162277660168379, 'MLP__hidden_layer_sizes': (784,)}",105,0.856875,0.9996875,0.85625,0.9996875,0.851875,0.9996875,0.840625,0.99984375,0.84375,0.98640625,9.47859586567069,0.0026299738919840073,0.0065835970411318645,0.005328468647275661
31.830049324035645,0.03311176300048828,0.84775,0.991625,tanh,0.03162277660168379,"(392,)","{'MLP__activation': 'tanh', 'MLP__alpha': 0.03162277660168379, 'MLP__hidden_layer_sizes': (392,)}",123,0.85,1.0,0.850625,0.9821875,0.833125,0.97625,0.846875,0.9996875,0.858125,1.0,3.900568096483505,0.00342043001262782,0.00819298480408697,0.010302836381307827
61.43624725341797,0.059840059280395506,0.851375,0.9976875,tanh,0.03162277660168379,"(1568,)","{'MLP__activation': 'tanh', 'MLP__alpha': 0.03162277660168379, 'MLP__hidden_layer_sizes': (1568,)}",95,0.861875,0.99875,0.855625,0.9971875,0.848125,0.99625,0.8475,1.0,0.84375,0.99625,1.6232176035370758,0.005163103767571733,0.0065120081388155265,0.001473728265318965
68.04835877418517,0.06881623268127442,0.844375,0.9853125,tanh,0.03162277660168379,"(784, 784)","{'MLP__activation': 'tanh', 'MLP__alpha': 0.03162277660168379, 'MLP__hidden_layer_sizes': (784, 784)}",149,0.84625,0.99171875,0.84875,0.9928125,0.85125,0.9984375,0.841875,0.9928125,0.83375,0.95078125,11.722314308983744,0.005711968095403888,0.006149186938124408,0.017425342984429302
28.512723207473755,0.04607758522033691,0.8465,0.98728125,tanh,0.03162277660168379,"(392, 392)","{'MLP__activation': 'tanh', 'MLP__alpha': 0.03162277660168379, 'MLP__hidden_layer_sizes': (392, 392)}",141,0.85625,0.99484375,0.866875,0.99953125,0.83375,0.96109375,0.843125,0.9990625,0.8325,0.981875,6.888346063369185,0.004694928219702452,0.013267676887835313,0.014567528638207651
169.7570701599121,0.13483948707580568,0.838375,0.9751249999999999,tanh,0.03162277660168379,"(1568, 1568)","{'MLP__activation': 'tanh', 'MLP__alpha': 0.03162277660168379, 'MLP__hidden_layer_sizes': (1568, 1568)}",178,0.846875,0.98984375,0.85125,0.969375,0.81625,0.96328125,0.84375,0.98015625,0.83375,0.97296875,20.54452379957606,0.006978317108148998,0.012472469683266409,0.009164512057387459
86.35279121398926,0.09374899864196777,0.840125,0.9700625,tanh,0.03162277660168379,"(784, 784, 784)","{'MLP__activation': 'tanh', 'MLP__alpha': 0.03162277660168379, 'MLP__hidden_layer_sizes': (784, 784, 784)}",171,0.85375,0.9896875,0.819375,0.91953125,0.850625,0.9859375,0.8425,0.97890625,0.834375,0.97625,25.12184198195368,0.006083438290100411,0.012370580018738015,0.02571793361401728
20.844237661361696,0.05465455055236816,0.845375,0.9887499999999999,tanh,0.03162277660168379,"(392, 392, 392)","{'MLP__activation': 'tanh', 'MLP__alpha': 0.03162277660168379, 'MLP__hidden_layer_sizes': (392, 392, 392)}",143,0.845,0.99203125,0.848125,0.99453125,0.844375,0.9890625,0.83625,0.9828125,0.853125,0.9853125,1.8386133229805492,0.005760578875997445,0.005514186250028187,0.004274515688940677
252.84240274429322,0.2178173542022705,0.841625,0.9677187500000001,tanh,0.03162277660168379,"(1568, 1568, 1568)","{'MLP__activation': 'tanh', 'MLP__alpha': 0.03162277660168379, 'MLP__hidden_layer_sizes': (1568, 1568, 1568)}",164,0.855625,0.98875,0.833125,0.9590625,0.845625,0.9471875,0.833125,0.96921875,0.840625,0.974375,48.32119019156785,0.007180886822602814,0.008455767262643868,0.014038034273002768
79.30228309631347,0.041701650619506835,0.838,0.9748749999999999,tanh,0.01,"(784,)","{'MLP__activation': 'tanh', 'MLP__alpha': 0.01, 'MLP__hidden_layer_sizes': (784,)}",181,0.8325,0.9521875,0.815625,0.93546875,0.85125,1.0,0.849375,1.0,0.84125,0.98671875,10.921101481199372,0.0017325196968663071,0.01301081281088923,0.02634532542738846
50.75265154838562,0.03911995887756348,0.832375,0.96521875,tanh,0.01,"(392,)","{'MLP__activation': 'tanh', 'MLP__alpha': 0.01, 'MLP__hidden_layer_sizes': (392,)}",200,0.830625,0.966875,0.86,1.0,0.820625,0.9471875,0.825,0.95078125,0.825625,0.96125,7.258553321258498,0.004277686219067456,0.01417193529480006,0.018771237971961254
70.89599509239197,0.054853200912475586,0.846875,0.98303125,tanh,0.01,"(1568,)","{'MLP__activation': 'tanh', 'MLP__alpha': 0.01, 'MLP__hidden_layer_sizes': (1568,)}",137,0.851875,0.9996875,0.85625,0.99765625,0.8525,0.9996875,0.828125,0.918125,0.845625,1.0,19.778848017538028,0.0014103684932338185,0.00997653496961746,0.0324638621200559
74.85854058265686,0.0704113483428955,0.84825,0.9744687500000001,tanh,0.01,"(784, 784)","{'MLP__activation': 'tanh', 'MLP__alpha': 0.01, 'MLP__hidden_layer_sizes': (784, 784)}",120,0.858125,0.96265625,0.8575,0.97046875,0.83375,0.95796875,0.838125,0.98375,0.85375,0.9975,34.76224327946735,0.009044247530792505,0.010257619119464337,0.01445244086218658
49.600310468673705,0.039893388748168945,0.8445,0.9586875000000001,tanh,0.01,"(392, 392)","{'MLP__activation': 'tanh', 'MLP__alpha': 0.01, 'MLP__hidden_layer_sizes': (392, 392)}",147,0.855625,0.9671875,0.85875,0.96875,0.8375,0.9390625,0.8425,0.9846875,0.828125,0.93375,18.01905663564829,0.0012618037003872772,0.011383925070027466,0.0192692679544398
309.74856848716735,0.15458641052246094,0.827125,0.9364687499999998,tanh,0.01,"(1568, 1568)","{'MLP__activation': 'tanh', 'MLP__alpha': 0.01, 'MLP__hidden_layer_sizes': (1568, 1568)}",206,0.825,0.91796875,0.82625,0.92484375,0.805,0.91796875,0.825625,0.92546875,0.85375,0.99609375,63.73471483251105,0.01560510687553981,0.015530212490497342,0.02998593420255571
90.58925795555115,0.12486639022827148,0.851875,0.9867812499999999,tanh,0.01,"(784, 784, 784)","{'MLP__activation': 'tanh', 'MLP__alpha': 0.01, 'MLP__hidden_layer_sizes': (784, 784, 784)}",91,0.849375,0.97953125,0.873125,0.99859375,0.85,0.99859375,0.85,0.9928125,0.836875,0.964375,13.620705226864414,0.017934198012560795,0.011746009960833517,0.013191276118139585
74.65628151893615,0.058842706680297854,0.84175,0.947625,tanh,0.01,"(392, 392, 392)","{'MLP__activation': 'tanh', 'MLP__alpha': 0.01, 'MLP__hidden_layer_sizes': (392, 392, 392)}",163,0.839375,0.90859375,0.84125,0.9353125,0.8475,0.99203125,0.850625,0.99546875,0.83,0.90671875,42.50319333246136,0.009140752322421376,0.007152359750459993,0.03901101607238654
280.48485379219056,0.2124317169189453,0.844,0.98053125,tanh,0.01,"(1568, 1568, 1568)","{'MLP__activation': 'tanh', 'MLP__alpha': 0.01, 'MLP__hidden_layer_sizes': (1568, 1568, 1568)}",150,0.848125,0.991875,0.853125,0.98984375,0.8375,0.9640625,0.83875,0.964375,0.8425,0.9925,46.120315461045,0.003567666710341587,0.005871009282908693,0.013348396439273142
106.27389826774598,0.04428224563598633,0.844,0.9721250000000001,tanh,0.0031622776601683794,"(784,)","{'MLP__activation': 'tanh', 'MLP__alpha': 0.0031622776601683794, 'MLP__hidden_layer_sizes': (784,)}",150,0.83,0.95578125,0.861875,1.0,0.85125,1.0,0.850625,0.97984375,0.82625,0.925,5.998512957021688,0.006543039312594907,0.013616396366146196,0.028640859416662046
58.61718883514404,0.031515979766845705,0.82675,0.9589375,tanh,0.0031622776601683794,"(392,)","{'MLP__activation': 'tanh', 'MLP__alpha': 0.0031622776601683794, 'MLP__hidden_layer_sizes': (392,)}",207,0.79875,0.9196875,0.838125,0.97859375,0.835625,0.94953125,0.819375,0.961875,0.841875,0.985,2.3534273198554843,0.002326086694328979,0.01597067625368446,0.02325205804063374
131.85287036895753,0.057247161865234375,0.838125,0.97084375,tanh,0.0031622776601683794,"(1568,)","{'MLP__activation': 'tanh', 'MLP__alpha': 0.0031622776601683794, 'MLP__hidden_layer_sizes': (1568,)}",180,0.834375,0.96859375,0.83375,0.95546875,0.838125,0.99484375,0.836875,0.9371875,0.8475,0.998125,49.220222856797086,0.00337349306402668,0.004952903189039752,0.023214059923352518
176.83194360733032,0.06961417198181152,0.845375,0.9528437499999999,tanh,0.0031622776601683794,"(784, 784)","{'MLP__activation': 'tanh', 'MLP__alpha': 0.0031622776601683794, 'MLP__hidden_layer_sizes': (784, 784)}",143,0.861875,0.97140625,0.855,0.9409375,0.831875,0.95140625,0.846875,0.9990625,0.83125,0.90140625,64.64331455365242,0.0048201293355681395,0.01223851502429928,0.0324665392654499
67.12263498306274,0.04886960983276367,0.847125,0.9741250000000001,tanh,0.0031622776601683794,"(392, 392)","{'MLP__activation': 'tanh', 'MLP__alpha': 0.0031622776601683794, 'MLP__hidden_layer_sizes': (392, 392)}",131,0.841875,0.9471875,0.845625,0.97203125,0.850625,0.99265625,0.846875,0.9990625,0.850625,0.9596875,40.48076391905889,0.007355705901632853,0.0032977264895682045,0.019512766253788828
284.8605481624603,0.13444032669067382,0.842625,0.9597187499999998,tanh,0.0031622776601683794,"(1568, 1568)","{'MLP__activation': 'tanh', 'MLP__alpha': 0.0031622776601683794, 'MLP__hidden_layer_sizes': (1568, 1568)}",158,0.84625,0.98921875,0.855,0.99578125,0.85375,0.9996875,0.81625,0.89375,0.841875,0.92015625,151.12522058564113,0.008329844842712058,0.014044571905188123,0.04401209439602934
71.34852981567383,0.09215397834777832,0.853625,0.9905312500000001,tanh,0.0031622776601683794,"(784, 784, 784)","{'MLP__activation': 'tanh', 'MLP__alpha': 0.0031622776601683794, 'MLP__hidden_layer_sizes': (784, 784, 784)}",62,0.85875,0.999375,0.848125,0.9790625,0.855625,0.98625,0.845,0.98828125,0.860625,0.9996875,10.144585596344289,0.0010169059622256885,0.0060647547353541,0.007962068277150113
72.13741946220398,0.051064062118530276,0.848125,0.9620000000000001,tanh,0.0031622776601683794,"(392, 392, 392)","{'MLP__activation': 'tanh', 'MLP__alpha': 0.0031622776601683794, 'MLP__hidden_layer_sizes': (392, 392, 392)}",121,0.853125,0.99796875,0.85,0.92234375,0.835625,0.89296875,0.8425,0.99671875,0.859375,1.0,58.565330369834655,0.0027786219491509256,0.008282134386738737,0.045345505221024936
514.2735301494598,0.21462583541870117,0.840125,0.9462187499999999,tanh,0.0031622776601683794,"(1568, 1568, 1568)","{'MLP__activation': 'tanh', 'MLP__alpha': 0.0031622776601683794, 'MLP__hidden_layer_sizes': (1568, 1568, 1568)}",171,0.85375,0.98375,0.859375,0.993125,0.853125,0.9978125,0.8075,0.861875,0.826875,0.89453125,371.87690367398716,0.003534896272883727,0.019825015762919333,0.056667754278778355
148.99960050582885,0.05345697402954101,0.853125,1.0,tanh,0.001,"(784,)","{'MLP__activation': 'tanh', 'MLP__alpha': 0.001, 'MLP__hidden_layer_sizes': (784,)}",70,0.85125,1.0,0.86375,1.0,0.849375,1.0,0.8475,1.0,0.85375,1.0,8.782366629413175,0.017396047516561573,0.0057008771254956955,0.0
74.37004704475403,0.03390941619873047,0.85575,1.0,tanh,0.001,"(392,)","{'MLP__activation': 'tanh', 'MLP__alpha': 0.001, 'MLP__hidden_layer_sizes': (392,)}",43,0.866875,1.0,0.865,1.0,0.8425,1.0,0.849375,1.0,0.855,1.0,2.1852322935855493,0.001545048916709556,0.00923140021881836,0.0
175.73408088684081,0.062233352661132814,0.849875,0.9977499999999999,tanh,0.001,"(1568,)","{'MLP__activation': 'tanh', 'MLP__alpha': 0.001, 'MLP__hidden_layer_sizes': (1568,)}",105,0.854375,1.0,0.8525,0.9996875,0.85125,1.0,0.845,1.0,0.84625,0.9890625,106.74592299740777,0.003128183185473867,0.0036314597615835055,0.004345435823942188
173.11548547744752,0.07160887718200684,0.844,0.9622187500000001,tanh,0.001,"(784, 784)","{'MLP__activation': 'tanh', 'MLP__alpha': 0.001, 'MLP__hidden_layer_sizes': (784, 784)}",150,0.84375,0.9178125,0.854375,0.98,0.8375,0.9865625,0.83625,0.93734375,0.848125,0.989375,146.98805584322375,0.003960172406684931,0.006738415985971763,0.02910990757027578
108.18897609710693,0.041289472579956056,0.854375,0.99940625,tanh,0.001,"(392, 392)","{'MLP__activation': 'tanh', 'MLP__alpha': 0.001, 'MLP__hidden_layer_sizes': (392, 392)}",57,0.858125,1.0,0.8575,1.0,0.858125,0.99703125,0.84125,1.0,0.856875,1.0,45.92600648619619,0.00232658981005685,0.006578848683470377,0.0011874999999999859
842.1939846038819,0.1378309726715088,0.82125,0.8793124999999999,tanh,0.001,"(1568, 1568)","{'MLP__activation': 'tanh', 'MLP__alpha': 0.001, 'MLP__hidden_layer_sizes': (1568, 1568)}",212,0.8325,0.8984375,0.826875,0.8853125,0.8375,0.8859375,0.81875,0.87484375,0.790625,0.85203125,21.90467529133818,0.007735461426636686,0.01653122046311161,0.015555658636811227
162.4699646472931,0.0925525188446045,0.84675,0.97165625,tanh,0.001,"(784, 784, 784)","{'MLP__activation': 'tanh', 'MLP__alpha': 0.001, 'MLP__hidden_layer_sizes': (784, 784, 784)}",140,0.848125,0.990625,0.8675,0.99921875,0.846875,0.9984375,0.8525,0.9978125,0.81875,0.8721875,188.7959045879531,0.00039916054178001746,0.01580842338754883,0.04982955322898249
55.25777578353882,0.04886913299560547,0.84775,0.9891875000000001,tanh,0.001,"(392, 392, 392)","{'MLP__activation': 'tanh', 'MLP__alpha': 0.001, 'MLP__hidden_layer_sizes': (392, 392, 392)}",123,0.851875,0.994375,0.84,0.96734375,0.85125,1.0,0.855,0.99515625,0.840625,0.9890625,67.06337274046915,0.0010923622246016558,0.0062073545089675825,0.011459592733819138
710.3728286743165,0.20963950157165528,0.823125,0.915,tanh,0.001,"(1568, 1568, 1568)","{'MLP__activation': 'tanh', 'MLP__alpha': 0.001, 'MLP__hidden_layer_sizes': (1568, 1568, 1568)}",210,0.799375,0.82,0.840625,0.9803125,0.85875,0.993125,0.84625,0.9815625,0.770625,0.8,582.9538552540888,0.0034776226584458682,0.032955936491017815,0.0860811299734152
130.0660505771637,0.04089064598083496,0.859875,1.0,tanh,0.00031622776601683794,"(784,)","{'MLP__activation': 'tanh', 'MLP__alpha': 0.00031622776601683794, 'MLP__hidden_layer_sizes': (784,)}",18,0.860625,1.0,0.8675,1.0,0.8575,1.0,0.853125,1.0,0.860625,1.0,0.4916217507430984,0.002274456050441611,0.004700398919240795,0.0
63.38822550773621,0.03211445808410644,0.858875,1.0,tanh,0.00031622776601683794,"(392,)","{'MLP__activation': 'tanh', 'MLP__alpha': 0.00031622776601683794, 'MLP__hidden_layer_sizes': (392,)}",22,0.861875,1.0,0.86375,1.0,0.859375,1.0,0.855625,1.0,0.85375,1.0,0.3975692885726695,0.0019336198514560044,0.0037374790969315124,0.0
208.34224786758423,0.056848001480102536,0.85325,0.99925,tanh,0.00031622776601683794,"(1568,)","{'MLP__activation': 'tanh', 'MLP__alpha': 0.00031622776601683794, 'MLP__hidden_layer_sizes': (1568,)}",66,0.853125,1.0,0.859375,0.99625,0.85125,1.0,0.845,1.0,0.8575,1.0,82.71903347262142,0.001994514482431958,0.005052845732851953,0.0015000000000000124
377.2467991352081,0.06761937141418457,0.85275,1.0,tanh,0.00031622776601683794,"(784, 784)","{'MLP__activation': 'tanh', 'MLP__alpha': 0.00031622776601683794, 'MLP__hidden_layer_sizes': (784, 784)}",76,0.856875,1.0,0.855,1.0,0.848125,1.0,0.8475,1.0,0.85625,1.0,0.8627411001789596,0.002705687218652769,0.004081206929328616,0.0
105.40342741012573,0.039893484115600585,0.854625,0.9997812500000001,tanh,0.00031622776601683794,"(392, 392)","{'MLP__activation': 'tanh', 'MLP__alpha': 0.00031622776601683794, 'MLP__hidden_layer_sizes': (392, 392)}",55,0.85625,0.99890625,0.8625,1.0,0.851875,1.0,0.85,1.0,0.8525,1.0,43.35477966106336,0.0010924058475156918,0.0044300112866673454,0.00043750000000000174
926.8965901851655,0.13603591918945312,0.8395,0.94946875,tanh,0.00031622776601683794,"(1568, 1568)","{'MLP__activation': 'tanh', 'MLP__alpha': 0.00031622776601683794, 'MLP__hidden_layer_sizes': (1568, 1568)}",175,0.8275,0.88171875,0.85875,1.0,0.85625,1.0,0.800625,0.8678125,0.854375,0.9978125,406.506061979752,0.006231615225270342,0.022484022104596837,0.061158381733414105
506.81398420333863,0.09434762001037597,0.85375,0.9985312499999999,tanh,0.00031622776601683794,"(784, 784, 784)","{'MLP__activation': 'tanh', 'MLP__alpha': 0.00031622776601683794, 'MLP__hidden_layer_sizes': (784, 784, 784)}",61,0.859375,1.0,0.865,1.0,0.85,1.0,0.855625,1.0,0.83875,0.99265625,220.40627441908632,0.006199283081865747,0.008953002289734991,0.0029374999999999926
89.30389628410339,0.04986705780029297,0.85275,0.99621875,tanh,0.00031622776601683794,"(392, 392, 392)","{'MLP__activation': 'tanh', 'MLP__alpha': 0.00031622776601683794, 'MLP__hidden_layer_sizes': (392, 392, 392)}",76,0.8575,1.0,0.859375,0.98875,0.8575,1.0,0.845,0.995,0.844375,0.99734375,81.5246031729125,0.0026012382027940984,0.0066214613190745345,0.004174419869874129
939.2116452217102,0.20744495391845702,0.852875,0.99453125,tanh,0.00031622776601683794,"(1568, 1568, 1568)","{'MLP__activation': 'tanh', 'MLP__alpha': 0.00031622776601683794, 'MLP__hidden_layer_sizes': (1568, 1568, 1568)}",75,0.865625,0.998125,0.854375,0.9875,0.849375,1.0,0.840625,0.98703125,0.854375,1.0,890.1281206488344,0.0037318027240426086,0.008116341540373969,0.0059735746207777345
132.137908411026,0.04248600006103516,0.85675,1.0,tanh,0.0001,"(784,)","{'MLP__activation': 'tanh', 'MLP__alpha': 0.0001, 'MLP__hidden_layer_sizes': (784,)}",34,0.850625,1.0,0.865625,1.0,0.856875,1.0,0.853125,1.0,0.8575,1.0,0.6466698201464047,0.002862351865489034,0.0050990195135927835,0.0
64.23376321792603,0.032712697982788086,0.858625,1.0,tanh,0.0001,"(392,)","{'MLP__activation': 'tanh', 'MLP__alpha': 0.0001, 'MLP__hidden_layer_sizes': (392,)}",24,0.858125,1.0,0.86625,1.0,0.854375,1.0,0.85625,1.0,0.858125,1.0,0.40156463258236647,0.002705349793552065,0.004058170770186973,0.0
210.944686460495,0.059640693664550784,0.85275,0.9999375,tanh,0.0001,"(1568,)","{'MLP__activation': 'tanh', 'MLP__alpha': 0.0001, 'MLP__hidden_layer_sizes': (1568,)}",76,0.84625,0.9996875,0.856875,1.0,0.84875,1.0,0.8525,1.0,0.859375,1.0,80.84016949625865,0.002778337862981154,0.004883006246156175,0.00012500000000001955
313.0810534954071,0.06921534538269043,0.85325,0.9996562499999999,tanh,0.0001,"(784, 784)","{'MLP__activation': 'tanh', 'MLP__alpha': 0.0001, 'MLP__hidden_layer_sizes': (784, 784)}",66,0.853125,1.0,0.86125,1.0,0.850625,1.0,0.841875,0.99828125,0.859375,1.0,130.6185641419862,0.004068362074039886,0.006896557112066841,0.0006874999999999964
106.5932445526123,0.043284130096435544,0.853875,0.9994687499999999,tanh,0.0001,"(392, 392)","{'MLP__activation': 'tanh', 'MLP__alpha': 0.0001, 'MLP__hidden_layer_sizes': (392, 392)}",60,0.85875,1.0,0.86,1.0,0.85375,1.0,0.84,0.99734375,0.856875,1.0,42.11503055491525,0.004990805728775621,0.007250000000000016,0.0010625000000000107
536.9984357833862,0.13463978767395018,0.856875,0.9982812500000001,tanh,0.0001,"(1568, 1568)","{'MLP__activation': 'tanh', 'MLP__alpha': 0.0001, 'MLP__hidden_layer_sizes': (1568, 1568)}",32,0.86,1.0,0.861875,0.99875,0.854375,1.0,0.85625,0.993125,0.851875,0.99953125,492.17119177950883,0.006555276028600375,0.0036443449342782844,0.002618295008206662
180.38723311424255,0.10292491912841797,0.857,0.99603125,tanh,0.0001,"(784, 784, 784)","{'MLP__activation': 'tanh', 'MLP__alpha': 0.0001, 'MLP__hidden_layer_sizes': (784, 784, 784)}",31,0.855625,0.99890625,0.866875,0.995625,0.855625,1.0,0.85125,0.98796875,0.855625,0.99765625,219.43559133861464,0.005897530741009602,0.005220153254455272,0.004285467812853128
57.519724655151364,0.04827113151550293,0.849125,0.9940625000000001,tanh,0.0001,"(392, 392, 392)","{'MLP__activation': 'tanh', 'MLP__alpha': 0.0001, 'MLP__hidden_layer_sizes': (392, 392, 392)}",114,0.845,0.9896875,0.860625,0.9925,0.83875,0.990625,0.844375,0.9975,0.856875,1.0,65.91026518722138,0.001016999341809645,0.008240524861924762,0.0040117016339703
225.299085187912,0.209639310836792,0.84775,0.98740625,tanh,0.0001,"(1568, 1568, 1568)","{'MLP__activation': 'tanh', 'MLP__alpha': 0.0001, 'MLP__hidden_layer_sizes': (1568, 1568, 1568)}",123,0.860625,0.9990625,0.859375,0.99703125,0.858125,0.99953125,0.818125,0.9453125,0.8425,0.99609375,44.2061670841709,0.004736731117537114,0.01620956507744733,0.02108497502666294
148.44887580871583,0.04490189552307129,0.854875,1.0,tanh,3.1622776601683795e-05,"(784,)","{'MLP__activation': 'tanh', 'MLP__alpha': 3.1622776601683795e-05, 'MLP__hidden_layer_sizes': (784,)}",51,0.8525,1.0,0.86375,1.0,0.85625,1.0,0.849375,1.0,0.8525,1.0,11.175868533802985,0.008404456703523064,0.004943429983321296,0.0
69.40027961730956,0.034449291229248044,0.858625,1.0,tanh,3.1622776601683795e-05,"(392,)","{'MLP__activation': 'tanh', 'MLP__alpha': 3.1622776601683795e-05, 'MLP__hidden_layer_sizes': (392,)}",24,0.858125,1.0,0.861875,1.0,0.855625,1.0,0.85625,1.0,0.86125,1.0,3.3951669553798234,0.0029575715950823853,0.002543373743671968,0.0
263.5721131801605,0.05964059829711914,0.854875,1.0,tanh,3.1622776601683795e-05,"(1568,)","{'MLP__activation': 'tanh', 'MLP__alpha': 3.1622776601683795e-05, 'MLP__hidden_layer_sizes': (1568,)}",51,0.8525,1.0,0.866875,1.0,0.8525,1.0,0.849375,1.0,0.853125,1.0,17.64968914177144,0.002705785723228221,0.006141559248269099,0.0
239.71292605400086,0.0678187370300293,0.84925,0.99571875,tanh,3.1622776601683795e-05,"(784, 784)","{'MLP__activation': 'tanh', 'MLP__alpha': 3.1622776601683795e-05, 'MLP__hidden_layer_sizes': (784, 784)}",111,0.843125,0.991875,0.84375,0.98671875,0.854375,1.0,0.849375,1.0,0.855625,1.0,159.95585709891074,0.0030904056318292465,0.005190134873006662,0.005491114982405682
105.46732158660889,0.043103694915771484,0.85225,0.99721875,tanh,3.1622776601683795e-05,"(392, 392)","{'MLP__activation': 'tanh', 'MLP__alpha': 3.1622776601683795e-05, 'MLP__hidden_layer_sizes': (392, 392)}",83,0.85875,1.0,0.86125,1.0,0.85125,1.0,0.835625,0.98609375,0.854375,1.0,42.54455023836606,0.005050095395876006,0.009001735943694428,0.005562500000000003
1119.8767181396483,0.14391603469848632,0.857375,1.0,tanh,3.1622776601683795e-05,"(1568, 1568)","{'MLP__activation': 'tanh', 'MLP__alpha': 3.1622776601683795e-05, 'MLP__hidden_layer_sizes': (1568, 1568)}",29,0.86375,1.0,0.863125,1.0,0.85375,1.0,0.855,1.0,0.85125,1.0,487.70883109743465,0.013653141348014243,0.005099019513592809,0.0
295.60284461975095,0.09414782524108886,0.856,0.9968125000000001,tanh,3.1622776601683795e-05,"(784, 784, 784)","{'MLP__activation': 'tanh', 'MLP__alpha': 3.1622776601683795e-05, 'MLP__hidden_layer_sizes': (784, 784, 784)}",40,0.858125,0.996875,0.863125,1.0,0.854375,0.99359375,0.845,0.99359375,0.859375,1.0,285.20073889572694,0.0029317124019922615,0.006169481339626552,0.0028651325231129994
61.30061016082764,0.05425496101379394,0.850625,0.9939375,tanh,3.1622776601683795e-05,"(392, 392, 392)","{'MLP__activation': 'tanh', 'MLP__alpha': 3.1622776601683795e-05, 'MLP__hidden_layer_sizes': (392, 392, 392)}",97,0.858125,1.0,0.854375,0.99078125,0.84625,0.99609375,0.851875,0.98984375,0.8425,0.99296875,76.39970174405015,0.006357880670534379,0.0056041279428649836,0.003716517186829633
630.0252159118652,0.2194127082824707,0.855375,0.9973125000000002,tanh,3.1622776601683795e-05,"(1568, 1568, 1568)","{'MLP__activation': 'tanh', 'MLP__alpha': 3.1622776601683795e-05, 'MLP__hidden_layer_sizes': (1568, 1568, 1568)}",46,0.859375,1.0,0.8575,0.998125,0.860625,0.99875,0.849375,0.9915625,0.85,0.998125,730.6075320846805,0.02160348756451753,0.004753288335457891,0.002955397604384224
168.3242434978485,0.043020200729370114,0.859125,1.0,tanh,1e-05,"(784,)","{'MLP__activation': 'tanh', 'MLP__alpha': 1e-05, 'MLP__hidden_layer_sizes': (784,)}",21,0.855625,1.0,0.8625,1.0,0.86,1.0,0.853125,1.0,0.864375,1.0,29.02724465115433,0.0014360615385414178,0.004194490433890636,0.0
92.64244523048401,0.03969411849975586,0.858375,1.0,tanh,1e-05,"(392,)","{'MLP__activation': 'tanh', 'MLP__alpha': 1e-05, 'MLP__hidden_layer_sizes': (392,)}",26,0.856875,1.0,0.86875,1.0,0.85125,1.0,0.854375,1.0,0.860625,1.0,13.98505735796937,0.008112250230316425,0.006028577775893763,0.0
356.56412410736084,0.06712226867675782,0.85425,1.0,tanh,1e-05,"(1568,)","{'MLP__activation': 'tanh', 'MLP__alpha': 1e-05, 'MLP__hidden_layer_sizes': (1568,)}",58,0.850625,1.0,0.863125,1.0,0.854375,1.0,0.84625,1.0,0.856875,1.0,25.251389334271103,0.00511941359500778,0.005706356105256698,0.0
265.6663323879242,0.0867678165435791,0.853,0.9961562500000001,tanh,1e-05,"(784, 784)","{'MLP__activation': 'tanh', 'MLP__alpha': 1e-05, 'MLP__hidden_layer_sizes': (784, 784)}",73,0.860625,1.0,0.8475,0.98375,0.845625,0.99984375,0.849375,1.0,0.861875,0.9971875,239.18544326321478,0.010723157477265316,0.006851094803022346,0.006294839156007084
96.9376136302948,0.042087984085083005,0.847,0.99415625,tanh,1e-05,"(392, 392)","{'MLP__activation': 'tanh', 'MLP__alpha': 1e-05, 'MLP__hidden_layer_sizes': (392, 392)}",134,0.8475,1.0,0.84125,0.98828125,0.85125,1.0,0.850625,1.0,0.844375,0.9825,65.21567868940924,0.0021296561108547886,0.003779054114457712,0.007386907759678593
1107.2810062408448,0.1587757110595703,0.859625,0.9994375,tanh,1e-05,"(1568, 1568)","{'MLP__activation': 'tanh', 'MLP__alpha': 1e-05, 'MLP__hidden_layer_sizes': (1568, 1568)}",20,0.86625,1.0,0.865,1.0,0.854375,0.9971875,0.854375,1.0,0.858125,1.0,462.5251021713441,0.017209444670873056,0.005102082907989627,0.0011249999999999984
646.353199338913,0.140501070022583,0.860625,0.99821875,tanh,1e-05,"(784, 784, 784)","{'MLP__activation': 'tanh', 'MLP__alpha': 1e-05, 'MLP__hidden_layer_sizes': (784, 784, 784)}",16,0.859375,1.0,0.86125,0.999375,0.854375,1.0,0.865625,0.99171875,0.8625,1.0,391.08533451578865,0.025593225822331415,0.003729108472544073,0.0032590019561209308
110.37199273109437,0.06243300437927246,0.851875,0.99621875,tanh,1e-05,"(392, 392, 392)","{'MLP__activation': 'tanh', 'MLP__alpha': 1e-05, 'MLP__hidden_layer_sizes': (392, 392, 392)}",91,0.846875,1.0,0.86625,0.999375,0.85375,0.99984375,0.83625,0.981875,0.85625,1.0,103.98178331383892,0.009110596513725052,0.009984362773857895,0.0071755335167498005
608.6328008174896,0.21981234550476075,0.847875,0.991875,tanh,1e-05,"(1568, 1568, 1568)","{'MLP__activation': 'tanh', 'MLP__alpha': 1e-05, 'MLP__hidden_layer_sizes': (1568, 1568, 1568)}",122,0.848125,0.9915625,0.863125,0.9971875,0.835625,0.985,0.85375,1.0,0.83875,0.985625,745.6384841777631,0.006358344410927798,0.010004686401881893,0.006011057519272304
